fecha,mes,dia_semana,hora,tipo,rango_londres,ratio_mecha_sweep,distancia_sl,resultado
2024-01-02 09:30,1,1,9,1,13.83,0.507,4.34,0
2024-01-03 09:50,1,2,9,1,22.543,0.256,6.63,1
2024-01-04 10:00,1,3,10,1,7.61,0.969,5.32,1
2024-01-05 10:45,1,4,10,0,7.203,0.53,6.553,1
2024-01-09 09:15,1,1,9,0,7.283,0.719,3.11,1
2024-01-10 09:30,1,2,9,1,10.07,0.638,3.16,0
2024-01-11 10:20,1,3,10,1,4.81,0.655,4.573,0
2024-01-12 09:45,1,4,9,0,16.68,0.537,3.02,1
2024-01-15 10:30,1,0,10,1,7.24,0.37,3.215,1
2024-01-16 13:30,1,1,13,1,14.5,0.202,3.91,0
2024-01-18 14:05,1,3,14,0,9.08,0.381,2.16,0
2024-01-19 10:50,1,4,10,1,8.95,0.367,3.88,0
2024-01-22 09:50,1,0,9,1,9.693,0.222,7.047,1
2024-01-23 10:05,1,1,10,1,9.357,0.76,4.35,1
2024-01-25 10:20,1,3,10,0,6.89,0.395,4.07,0
2024-01-26 09:10,1,4,9,0,6.44,0.328,2.36,1
2024-01-29 09:15,1,0,9,0,8.167,0.951,1.73,1
2024-01-30 10:00,1,1,10,0,8.03,0.107,6.773,1
2024-01-31 10:25,1,2,10,0,4.25,0.366,3.703,1
2024-02-01 09:55,2,3,9,0,12.84,0.909,5.03,0
2024-02-02 09:45,2,4,9,1,4.12,0.824,7.053,0
2024-02-05 09:20,2,0,9,1,7.703,0.87,2.207,1
2024-02-06 09:30,2,1,9,0,5.37,0.599,3.08,0
2024-02-07 09:20,2,2,9,0,5.2,0.612,3.377,0
2024-02-08 13:30,2,3,13,0,15.29,0.453,2.907,1
2024-02-09 10:05,2,4,10,1,7.43,0.207,3.617,0
2024-02-12 10:20,2,0,10,1,7.243,0.47,3.83,0
2024-02-14 10:45,2,2,10,1,7.37,0.792,3.19,1
2024-02-15 10:35,2,3,10,0,5.57,0.5,6.39,1
2024-02-16 10:05,2,4,10,1,4.29,0.85,6.93,1
2024-02-20 09:30,2,1,9,0,7.21,0.835,3.13,1
2024-02-22 09:45,2,3,9,1,7.553,0.158,3.6,0
2024-02-26 10:40,2,0,10,1,6.32,0.274,3.55,1
2024-02-27 10:45,2,1,10,1,4.85,0.682,2.113,0
2024-02-28 09:30,2,2,9,0,5.99,0.463,4.55,1
2024-02-29 09:30,2,3,9,0,9.37,0.509,3.223,0
2024-03-05 10:45,3,1,10,0,12.88,0.764,10.033,0
2024-03-07 10:00,3,3,10,1,6.607,0.716,8.02,1
2024-03-08 10:15,3,4,10,0,9.98,0.047,5.07,0
2024-03-12 09:30,3,1,9,1,21.103,0.098,10.7,0
2024-03-20 10:35,3,2,10,0,8.8,0.617,9.7,0
2024-03-21 10:50,3,3,10,1,14.95,0.362,7.611,0
2024-03-22 09:30,3,4,9,0,11.283,0.206,5.569,1
2024-03-25 09:25,3,0,9,0,13.23,0.779,3.283,1
2024-04-01 10:55,4,0,10,1,17.61,0.164,7.62,1
2024-04-02 10:40,4,1,10,0,13.61,0.246,11.343,1
2024-04-04 10:00,4,3,10,1,11.833,0.092,7.373,1
2024-04-10 09:40,4,2,9,1,12.94,0.996,13.59,1
2024-04-11 10:10,4,3,10,0,14.99,0.507,5.59,0
2024-04-15 10:30,4,0,10,1,16.46,0.369,12.777,1
2024-04-17 10:00,4,2,10,0,16.387,0.796,7.287,0
2024-04-18 09:35,4,3,9,0,10.41,0.514,13.609,1
2024-04-19 13:35,4,4,13,0,20.99,0.945,4.467,1
2024-04-22 09:10,4,0,9,1,26.311,0.509,5.969,0
2024-04-23 10:10,4,1,10,0,19.83,0.907,7.37,0
2024-04-25 09:30,4,3,9,1,10.333,0.266,6.641,1
2024-04-26 09:55,4,4,9,1,14.393,0.772,4.7,0
2024-04-29 13:35,4,0,13,0,15.3,0.6,3.027,1
2024-04-30 09:35,4,1,9,1,13.11,0.445,5.23,0
2024-05-01 10:30,5,2,10,0,13.61,0.247,8.923,0
2024-05-02 10:15,5,3,10,1,19.93,0.241,12.157,1
2024-05-03 09:15,5,4,9,0,6.79,0.538,5.53,1
2024-05-06 10:35,5,0,10,0,11.787,0.394,9.713,1
2024-05-07 10:35,5,1,10,0,12.037,0.604,5.354,1
2024-05-09 10:40,5,3,10,0,10.913,0.273,9.607,0
2024-05-14 09:30,5,1,9,0,12.123,0.104,6.65,0
2024-05-15 09:15,5,2,9,0,15.85,0.911,6.72,1
2024-05-16 10:00,5,3,10,1,10.45,0.591,6.28,0
2024-05-17 09:35,5,4,9,0,9.16,0.736,6.66,0
2024-05-20 09:50,5,0,9,1,22.287,0.167,6.97,1
2024-05-21 09:40,5,1,9,0,15.144,0.505,5.78,0
2024-05-23 09:25,5,3,9,0,14.31,0.148,5.8,1
2024-05-24 09:45,5,4,9,0,7.76,0.73,8.13,1
2024-05-27 10:35,5,0,10,0,8.11,0.546,3.15,1
2024-05-30 10:40,5,3,10,0,10.34,0.991,5.143,0
2024-05-31 09:30,5,4,9,0,6.09,0.093,8.65,1
2024-06-03 09:35,6,0,9,0,11.033,0.597,4.18,0
2024-06-04 10:00,6,1,10,1,19.615,0.536,6.947,0
2024-06-05 10:05,6,2,10,0,6.419,0.849,8.513,0
2024-06-06 09:20,6,3,9,1,9.813,0.87,5.87,1
2024-06-07 09:20,6,4,9,1,48.27,0.458,7.0,0
2024-06-10 09:25,6,0,9,0,16.27,0.36,4.15,1
2024-06-11 09:15,6,1,9,0,8.483,0.08,6.277,1
2024-06-12 09:35,6,2,9,0,4.963,0.436,14.14,1
2024-06-13 09:50,6,3,9,0,16.01,0.827,13.86,1
2024-06-17 09:40,6,0,9,0,7.05,0.259,6.663,0
2024-06-18 10:10,6,1,10,0,13.56,0.792,4.25,0
2024-06-19 10:25,6,2,10,1,9.153,0.144,3.741,1
2024-06-24 09:55,6,0,9,0,12.063,0.287,6.01,0
2024-06-26 10:00,6,2,10,1,14.02,0.489,7.481,1
2024-06-27 09:40,6,3,9,0,18.9,0.61,4.253,0
2024-06-28 10:20,6,4,10,0,12.383,0.418,11.337,1
2024-07-01 10:55,7,0,10,1,16.613,0.125,5.02,1
2024-07-04 10:50,7,3,10,0,6.413,0.569,3.59,1
2024-07-05 10:00,7,4,10,0,6.24,0.289,7.58,0
2024-07-09 10:00,7,1,10,0,8.06,0.241,10.853,1
2024-07-10 10:15,7,2,10,0,7.563,0.468,5.833,1
2024-07-11 09:40,7,3,9,0,5.8,0.602,13.443,0
2024-07-12 09:55,7,4,9,1,9.953,0.058,5.76,1
2024-07-16 09:55,7,1,9,0,10.9,0.369,5.45,0
2024-07-17 10:05,7,2,10,0,14.72,0.292,11.043,1
2024-07-18 09:55,7,3,9,1,13.39,0.374,7.61,1
2024-07-24 09:10,7,2,9,0,8.693,0.904,3.65,1
2024-07-25 10:25,7,3,10,1,16.91,0.43,8.25,0
2024-07-26 10:50,7,4,10,0,8.147,0.733,9.07,0
2024-07-29 09:45,7,0,9,0,9.93,0.646,6.23,1
2024-07-30 10:00,7,1,10,0,6.05,0.568,8.503,1
2024-07-31 10:20,7,2,10,0,7.803,0.539,6.413,0
2024-09-05 09:45,9,3,9,0,15.383,0.401,5.41,0
2024-09-06 10:40,9,4,10,1,5.69,0.571,13.24,0
2024-09-09 09:50,9,0,9,0,10.31,0.32,5.704,1
2024-09-10 09:35,9,1,9,0,9.531,0.816,5.36,1
2024-09-11 09:15,9,2,9,1,8.04,0.447,6.99,0
2024-09-12 10:10,9,3,10,0,8.0,0.239,8.519,0
2024-09-17 13:25,9,1,13,1,15.949,0.688,4.531,1
2024-09-18 14:00,9,2,14,1,12.75,0.429,16.359,1
2024-09-19 10:20,9,3,10,1,19.86,0.325,8.799,1
2024-09-23 09:30,9,0,9,0,12.003,0.768,3.933,0
2024-09-24 09:45,9,1,9,0,13.57,0.426,4.353,0
2024-09-25 10:40,9,2,10,0,8.383,0.362,5.98,1
2024-09-26 10:10,9,3,10,1,26.067,0.239,11.673,0
2024-09-27 09:25,9,4,9,0,10.84,0.857,4.853,1
2024-09-30 10:35,9,0,10,1,26.19,0.192,5.861,0
2024-10-01 10:15,10,1,10,0,10.683,0.189,13.09,0
2024-10-02 10:20,10,2,10,0,7.87,0.68,7.309,1
2024-10-03 13:25,10,3,13,0,15.16,0.651,3.353,0
2024-10-04 09:25,10,4,9,1,6.28,0.121,9.8,1
2024-10-07 10:35,10,0,10,1,17.54,0.673,4.22,0
2024-10-09 10:45,10,2,10,1,13.284,0.698,4.233,0
2024-10-16 09:45,10,2,9,0,9.648,0.768,5.4,1
2024-10-21 09:25,10,0,9,0,12.733,0.528,4.34,0
2024-10-22 09:55,10,1,9,0,9.8,0.278,6.383,0
2024-10-24 09:40,10,3,9,0,7.41,0.51,4.92,1
2024-10-28 10:35,10,0,10,0,12.99,0.063,5.35,0
2024-10-29 10:15,10,1,10,0,10.24,0.959,7.09,0
2024-10-30 14:00,10,2,14,0,13.263,0.322,3.327,1
2024-10-31 09:15,10,3,9,1,13.093,0.475,8.315,0
2024-11-01 10:15,11,4,10,1,15.239,0.047,9.03,0
2024-11-04 10:30,11,0,10,0,13.34,0.564,9.47,1
2024-11-06 10:05,11,2,10,1,48.163,0.165,12.03,0
2024-11-08 09:25,11,4,9,0,12.95,0.36,7.66,1
2024-11-12 10:00,11,1,10,0,17.557,0.508,10.69,1
2024-11-13 09:30,11,2,9,0,11.691,0.527,5.677,1
2024-11-14 09:50,11,3,9,0,23.0,0.214,8.26,0
2024-11-15 09:35,11,4,9,0,12.443,0.425,7.15,0
2024-11-20 10:35,11,2,10,0,15.023,0.201,4.983,0
2024-11-21 13:35,11,3,13,0,13.07,0.278,2.43,0
2024-11-22 09:40,11,4,9,1,16.66,0.929,8.483,1
2024-11-29 10:55,11,4,10,1,11.397,0.9,8.45,0
2024-12-02 09:45,12,0,9,0,19.747,0.429,7.383,1
2024-12-03 09:50,12,1,9,0,10.34,0.877,8.29,1
2024-12-04 09:50,12,2,9,0,15.27,0.665,4.36,0
2024-12-05 10:50,12,3,10,1,12.663,0.252,8.27,0
2024-12-06 09:45,12,4,9,1,13.24,0.11,9.081,1
2024-12-09 10:25,12,0,10,0,14.43,0.605,4.37,0
2024-12-10 10:30,12,1,10,0,18.291,0.592,6.086,0
2024-12-11 09:30,12,2,9,0,13.861,0.299,4.6,0
2024-12-12 09:45,12,3,9,1,14.427,0.126,6.76,0
2024-12-13 10:35,12,4,10,1,21.81,0.507,5.56,0
2024-12-17 09:25,12,1,9,1,17.571,0.399,8.303,1
2024-12-18 10:55,12,2,10,1,7.59,0.843,4.275,0
2024-12-20 09:40,12,4,9,0,7.694,0.205,4.0,0
2024-12-26 09:45,12,3,9,1,6.149,0.292,4.739,1
2024-12-27 10:45,12,4,10,1,10.136,0.313,8.12,1
2023-01-04 10:25,1,2,10,1,12.34,0.53,7.61,0
2023-01-05 09:30,1,3,9,1,7.323,0.704,3.813,0
2023-01-06 09:40,1,4,9,0,7.28,0.481,8.26,0
2023-01-09 09:30,1,0,9,0,6.4,0.913,4.42,0
2023-01-10 10:30,1,1,10,0,6.947,0.524,4.5,0
2023-01-12 09:40,1,3,9,0,8.902,0.39,13.8,0
2023-01-17 09:35,1,1,9,0,9.61,0.973,4.8,1
2023-01-18 09:40,1,2,9,0,11.81,0.365,5.353,1
2023-01-19 10:45,1,3,10,0,10.09,0.235,4.347,0
2023-01-23 09:50,1,0,9,1,10.335,0.51,7.1,0
2023-01-24 10:10,1,1,10,1,8.093,0.416,11.12,1
2023-01-25 10:20,1,2,10,0,9.75,0.417,8.413,0
2023-01-27 10:05,1,4,10,1,9.39,0.61,5.43,0
2023-02-01 09:40,2,2,9,0,8.378,0.358,3.711,1
2023-02-02 10:15,2,3,10,1,7.99,0.628,8.378,0
2023-02-03 09:30,2,4,9,1,7.79,0.992,7.63,0
2023-02-08 10:15,2,2,10,1,8.43,0.284,4.767,1
2023-02-09 09:30,2,3,9,0,6.25,0.364,5.34,1
2023-02-13 10:25,2,0,10,1,10.398,0.35,4.62,0
2023-02-15 09:50,2,2,9,0,5.9,0.977,3.9,1
2023-02-16 10:10,2,3,10,1,10.02,0.49,4.24,1
2023-02-17 10:50,2,4,10,0,9.96,0.14,6.67,0
2023-02-28 10:45,2,1,10,0,8.371,0.66,2.897,0
2023-03-08 10:35,3,2,10,0,3.573,0.735,3.42,1
2023-03-09 10:55,3,3,10,0,5.45,0.906,7.17,0
2023-03-10 10:55,3,4,10,0,6.467,0.227,4.573,0
2023-03-13 10:35,3,0,10,0,24.19,0.876,6.531,0
2023-03-16 09:45,3,3,9,0,11.33,0.243,4.3,1
2023-03-17 10:50,3,4,10,0,20.71,0.458,3.873,0
2023-03-20 10:50,3,0,10,1,31.63,0.508,5.84,1
2023-03-23 09:50,3,3,9,0,9.36,0.521,4.25,0
2023-03-24 14:30,3,4,14,1,21.713,0.661,2.38,0
2023-03-30 10:15,3,3,10,1,6.537,0.134,4.96,1
2023-04-13 10:35,4,3,10,0,8.89,0.875,10.13,0
2023-04-18 09:45,4,1,9,1,6.647,0.534,6.89,1
2023-05-03 10:35,5,2,10,1,6.137,0.216,6.29,1
2023-05-08 09:45,5,0,9,1,5.51,0.174,5.74,1
2023-05-12 10:15,5,4,10,0,11.73,0.904,5.199,0
2023-05-16 09:15,5,1,9,0,5.22,0.526,4.96,1
2023-05-23 10:25,5,1,10,0,8.211,0.643,4.873,0
2023-05-24 10:35,5,2,10,1,11.36,0.179,4.74,0
2023-05-29 09:20,5,0,9,0,6.35,0.25,2.48,1
2023-06-05 10:15,6,0,10,0,7.5,0.274,5.0,0
2023-06-12 10:45,6,0,10,1,8.26,0.124,3.66,1
2023-06-15 10:50,6,3,10,0,8.907,0.163,6.323,0
2023-06-22 09:30,6,3,9,1,6.611,0.662,3.27,1
2023-06-23 10:10,6,4,10,0,7.09,0.259,3.219,1
2023-06-26 10:35,6,0,10,1,4.49,0.934,2.7,0
2023-06-30 10:35,6,4,10,0,6.95,0.265,4.71,0
2023-07-04 13:25,7,1,13,1,4.88,0.652,1.05,1
2023-07-05 13:30,7,2,13,1,7.357,0.036,1.2,0
2023-07-06 10:45,7,3,10,1,10.967,0.449,4.64,1
2023-07-12 10:25,7,2,10,0,2.75,0.575,3.087,0
2023-07-14 10:30,7,4,10,1,5.66,0.854,4.98,0
2023-07-21 10:25,7,4,10,1,10.08,0.109,2.96,0
2023-07-24 14:35,7,0,14,1,7.06,0.194,2.61,1
2023-07-26 10:40,7,2,10,1,4.65,0.797,2.65,1
2023-07-31 09:20,7,0,9,0,10.28,0.741,1.6,0
2023-09-01 09:20,9,4,9,0,5.56,0.645,3.45,0
2023-09-04 09:45,9,0,9,1,5.4,0.664,1.78,0
2023-09-06 09:30,9,2,9,1,5.035,0.599,2.507,1
2023-09-07 09:30,9,3,9,0,5.587,0.717,4.28,0
2023-09-08 09:25,9,4,9,1,3.343,0.43,2.2,1
2023-09-11 10:15,9,0,10,1,6.03,0.242,1.91,0
2023-09-12 09:15,9,1,9,1,10.301,0.556,1.99,1
2023-09-13 10:20,9,2,10,0,3.773,0.693,5.03,1
2023-09-14 10:20,9,3,10,1,4.007,0.5,3.577,1
2023-09-18 13:55,9,0,13,0,4.06,0.558,1.527,0
2023-09-19 13:20,9,1,13,1,6.297,0.336,1.39,0
2023-09-21 10:05,9,3,10,1,9.44,0.1,5.887,1
2023-09-28 10:00,9,3,10,1,4.58,0.357,3.71,0
2023-09-29 09:35,9,4,9,0,6.43,0.935,7.12,1
2023-10-05 09:20,10,3,9,1,4.28,0.467,3.013,1
2023-10-06 10:00,10,4,10,1,6.5,0.606,7.71,1
2023-10-09 09:40,10,0,9,1,4.927,0.49,3.81,1
2023-10-10 09:55,10,1,9,1,4.96,0.756,4.62,1
2023-10-12 10:05,10,3,10,1,5.83,0.367,3.46,0
2023-10-13 09:10,10,4,9,0,23.154,0.988,3.409,0
2023-10-16 09:30,10,0,9,0,10.17,0.883,2.95,1
2023-10-17 10:30,10,1,10,0,9.453,0.507,5.599,0
2023-10-18 10:00,10,2,10,0,13.68,0.976,7.44,1
2023-10-19 09:10,10,3,9,0,6.82,0.251,3.123,0
2023-10-23 10:15,10,0,10,1,8.31,0.783,5.43,0
2023-10-24 14:30,10,1,14,0,25.701,0.944,4.59,1
2023-10-26 09:25,10,3,9,1,11.021,0.261,3.04,0
2023-10-27 14:40,10,4,14,0,9.123,0.148,5.053,0
2023-10-30 09:25,10,0,9,0,9.13,0.904,4.27,1
2023-10-31 09:55,10,1,9,0,6.897,0.585,8.939,1
2023-11-01 09:50,11,2,9,0,11.45,0.488,4.523,1
2023-11-02 09:40,11,3,9,1,6.567,0.114,4.1,0
2023-11-07 14:05,11,1,14,0,13.04,0.976,1.453,0
2023-11-13 10:05,11,0,10,1,6.027,0.843,3.86,1
2023-11-14 10:45,11,1,10,0,3.84,0.325,5.89,0
2023-11-15 10:45,11,2,10,1,4.29,0.911,8.133,1
2023-11-17 10:35,11,4,10,1,8.777,0.143,4.28,0
2023-11-20 10:25,11,0,10,1,9.94,0.246,3.95,1
2023-11-22 09:35,11,2,9,1,7.303,0.227,2.54,0
2023-11-24 09:45,11,4,9,0,4.904,0.815,3.453,0
2023-11-28 10:10,11,1,10,0,4.22,0.671,4.78,0
2023-11-29 10:05,11,2,10,0,8.78,0.297,4.81,0
2023-11-30 10:30,11,3,10,1,9.713,0.55,6.12,1
2023-12-04 09:45,12,0,9,1,18.363,0.934,6.75,0
2023-12-07 09:40,12,3,9,0,6.28,0.532,6.49,1
2023-12-08 09:50,12,4,9,1,5.87,0.648,7.06,0
2023-12-13 10:40,12,2,10,1,5.0,0.973,2.763,1
2023-12-14 10:25,12,3,10,0,8.3,0.93,5.53,1
2023-12-15 10:10,12,4,10,1,7.991,0.117,5.73,0
2023-12-18 14:50,12,0,14,0,8.557,0.124,1.5,0
2023-12-19 10:40,12,1,10,0,7.087,0.36,5.76,0
2023-12-21 10:00,12,3,10,0,6.43,0.064,5.91,0
2023-12-22 10:15,12,4,10,0,16.45,0.601,3.36,1
2023-12-26 09:10,12,1,9,1,4.1,0.647,1.78,0
2023-12-29 09:15,12,4,9,1,11.587,0.838,3.03,0
2022-01-05 10:15,1,2,10,0,7.426,0.66,5.81,1
2022-01-07 10:10,1,4,10,0,6.14,0.382,4.97,0
2022-01-10 09:30,1,0,9,1,10.86,0.62,4.19,1
2022-01-11 10:00,1,1,10,1,5.893,0.134,6.267,1
2022-01-12 09:55,1,2,9,0,5.32,0.751,2.79,0
2022-01-18 09:40,1,1,9,0,8.06,0.117,6.65,0
2022-01-20 09:30,1,3,9,0,6.21,0.208,3.33,0
2022-01-21 09:30,1,4,9,0,10.554,0.138,2.8,1
2022-01-24 10:45,1,0,10,1,7.87,0.588,4.626,1
2022-01-26 10:15,1,2,10,1,5.16,0.885,7.07,0
2022-01-27 09:30,1,3,9,1,12.116,0.387,6.114,1
2022-01-31 10:00,1,0,10,0,6.62,0.641,5.52,0
2022-02-01 10:30,2,1,10,1,6.437,0.474,6.194,0
2022-02-04 09:40,2,4,9,1,8.32,0.544,12.867,1
2022-02-07 09:30,2,0,9,0,5.026,0.448,2.31,0
2022-02-08 09:30,2,1,9,0,3.91,0.682,4.07,0
2022-02-09 09:40,2,2,9,1,6.89,0.306,3.649,1
2022-02-10 09:35,2,3,9,1,4.47,0.678,5.58,1
2022-02-14 09:25,2,0,9,0,7.19,0.684,2.5,0
2022-02-17 10:30,2,3,10,0,17.962,0.029,3.25,0
2022-02-18 09:50,2,4,9,0,9.25,0.22,4.53,1
2022-02-23 09:20,2,2,9,0,8.44,0.016,1.65,0
2022-02-25 10:35,2,4,10,1,22.945,0.979,6.46,1
2022-02-28 09:30,2,0,9,0,19.92,0.267,8.325,0
2022-03-01 10:15,3,1,10,0,19.163,0.676,8.58,0
2022-03-04 09:55,3,4,9,0,15.941,0.169,7.697,0
2022-03-07 09:25,3,0,9,1,20.88,0.101,7.49,1
2022-03-09 09:15,3,2,9,1,48.53,0.096,18.34,0
2022-03-14 10:15,3,0,10,1,18.714,0.562,4.983,0
2022-03-15 09:45,3,1,9,1,15.976,0.187,8.48,1
2022-03-16 10:25,3,2,10,1,15.365,0.167,9.83,0
2022-03-17 10:30,3,3,10,0,12.18,0.687,2.339,1
2022-03-21 09:45,3,0,9,0,7.305,0.745,4.412,0
2022-03-22 09:50,3,1,9,1,10.689,0.744,5.08,1
2022-03-24 10:25,3,3,10,0,20.026,0.443,5.21,0
2022-03-28 10:55,3,0,10,0,11.371,0.429,8.109,1
2022-03-29 09:45,3,1,9,1,23.6,0.181,6.835,1
2022-03-30 10:10,3,2,10,0,9.07,0.228,4.525,0
2022-03-31 09:55,3,3,9,0,11.38,0.313,4.845,0
2022-04-01 09:30,4,4,9,1,12.241,0.253,5.01,0
2022-04-04 09:50,4,0,9,0,7.475,0.225,7.96,1
2022-04-05 10:05,4,1,10,0,8.08,0.877,5.205,1
2022-04-06 14:50,4,2,14,1,18.31,0.1,6.196,1
2022-04-11 09:45,4,0,9,0,20.73,0.45,9.53,1
2022-04-12 09:35,4,1,9,0,9.89,0.545,6.29,0
2022-04-13 09:40,4,2,9,0,14.519,0.313,4.709,0
2022-04-14 10:20,4,3,10,1,12.35,0.359,6.3,1
2022-04-18 09:30,4,0,9,0,6.1,0.202,5.514,1
2022-04-19 09:35,4,1,9,1,6.994,0.758,7.324,0
2022-04-20 13:50,4,2,13,0,14.986,0.397,2.83,0
2022-04-26 09:55,4,1,9,0,13.915,0.706,7.182,1
2022-04-27 10:30,4,2,10,1,16.98,0.091,8.41,0
2022-04-29 10:40,4,4,10,1,9.89,0.057,10.41,0
2022-05-02 09:20,5,0,9,1,14.085,0.595,4.815,0
2022-05-04 10:45,5,2,10,1,6.16,0.747,4.19,1
2022-05-05 09:15,5,3,9,0,10.785,0.666,5.625,1
2022-05-06 10:30,5,4,10,0,12.502,0.407,3.57,0
2022-05-13 09:25,5,4,9,1,15.87,0.098,5.815,1
2022-05-17 10:25,5,1,10,1,12.74,0.069,4.27,0
2022-05-19 09:30,5,3,9,0,21.46,0.597,7.06,0
2022-05-20 10:45,5,4,10,1,8.346,0.244,7.116,1
2022-05-24 09:20,5,1,9,0,9.37,0.62,3.4,0
2022-05-26 10:35,5,3,10,0,9.9,0.551,4.07,0
2022-05-27 10:30,5,4,10,1,7.94,0.296,3.05,0
2022-06-01 09:40,6,2,9,0,8.704,0.95,3.954,0
2022-06-03 09:10,6,4,9,1,4.53,0.543,2.79,0
2022-06-06 10:50,6,0,10,1,4.97,0.227,2.42,0
2022-06-07 10:20,6,1,10,0,10.44,0.295,3.895,0
2022-06-08 09:45,6,2,9,0,6.3,0.556,4.07,0
2022-06-09 10:30,6,3,10,1,7.905,0.414,2.938,0
2022-06-10 09:55,6,4,9,1,15.465,0.546,5.54,1
2022-06-14 10:35,6,1,10,1,15.53,0.57,4.51,0
2022-06-15 13:50,6,2,13,1,18.1,0.303,4.31,0
2022-06-16 13:10,6,3,13,0,21.18,0.662,2.655,0
2022-06-17 10:35,6,4,10,1,10.555,0.711,5.465,0
2022-06-20 10:45,6,0,10,1,7.785,0.638,2.809,0
2022-06-22 09:20,6,2,9,0,19.64,0.373,3.764,1
2022-06-23 10:15,6,3,10,0,14.21,0.346,4.952,1
2022-06-29 09:10,6,2,9,0,15.27,0.467,2.595,1
2022-06-30 10:05,6,3,10,0,14.92,0.468,7.796,1
2022-07-07 09:35,7,3,9,1,5.37,0.519,6.486,1
2022-07-08 09:45,7,4,9,0,10.15,0.421,5.96,0
2022-07-11 10:15,7,0,10,0,7.094,0.505,4.162,1
2022-07-12 10:45,7,1,10,1,7.9,0.525,4.2,0
2022-07-13 09:35,7,2,9,1,7.86,0.784,10.859,1
2022-07-14 10:40,7,3,10,1,11.446,0.476,11.086,1
2022-07-15 09:35,7,4,9,0,6.721,0.316,8.986,1
2022-07-21 09:20,7,3,9,0,12.698,0.307,8.549,0
2022-07-22 10:20,7,4,10,0,15.145,0.178,6.395,1
2022-07-27 10:45,7,2,10,1,7.392,0.714,3.42,1
2022-07-28 09:50,7,3,9,0,10.703,0.262,6.819,0
2022-07-29 09:25,7,4,9,1,11.35,0.409,4.12,0
2022-09-01 09:50,9,3,9,1,8.726,0.896,4.586,0
2022-09-05 14:20,9,0,14,1,7.528,0.702,1.22,0
2022-09-06 09:40,9,1,9,1,9.455,0.839,4.71,0
2022-09-08 09:40,9,3,9,1,12.007,0.556,6.28,0
2022-09-09 10:00,9,4,10,1,9.69,0.888,4.872,1
2022-09-13 09:30,9,1,9,1,9.547,0.503,7.021,0
2022-09-14 09:15,9,2,9,0,7.281,0.259,2.984,1
2022-09-15 09:45,9,3,9,1,7.24,0.309,8.026,0
2022-09-20 09:55,9,1,9,1,9.777,0.53,5.43,1
2022-09-22 09:15,9,3,9,0,22.489,0.068,4.832,1
2022-09-26 14:00,9,0,14,1,13.523,0.096,4.353,0
2022-09-27 13:45,9,1,13,1,10.016,0.393,3.238,0
2022-09-28 10:15,9,2,10,0,16.784,0.861,5.465,0
2022-09-29 09:40,9,3,9,0,10.606,0.351,7.673,1
2022-09-30 09:30,9,4,9,1,11.617,0.976,7.54,1
2022-10-04 09:20,10,1,9,0,12.006,0.808,4.04,0
2022-10-05 10:30,10,2,10,1,21.839,0.12,5.696,1
2022-10-06 09:35,10,3,9,1,14.666,0.519,5.88,0
2022-10-07 09:10,10,4,9,1,8.636,0.992,7.884,0
2022-10-12 14:45,10,2,14,0,6.752,0.226,5.047,1
2022-10-13 10:45,10,3,10,1,15.428,0.767,8.63,0
2022-10-14 10:30,10,4,10,1,20.207,0.279,6.16,0
2022-10-17 10:05,10,0,10,0,10.913,0.914,5.54,1
2022-10-19 10:10,10,2,10,1,15.17,0.529,3.921,1
2022-10-21 10:15,10,4,10,0,10.831,0.051,4.65,0
2022-10-25 10:20,10,1,10,0,12.65,0.552,8.019,0
2022-10-26 09:35,10,2,9,1,10.23,0.763,4.69,1
2022-10-28 10:45,10,4,10,1,11.49,0.645,2.171,0
2022-11-01 09:30,11,1,9,1,11.82,0.198,6.22,1
2022-11-03 10:30,11,3,10,0,13.38,0.525,4.42,0
2022-11-04 10:25,11,4,10,0,19.8,0.28,5.02,0
2022-11-07 10:15,11,0,10,0,13.431,0.934,4.28,1
2022-11-09 10:25,11,2,10,0,11.911,0.874,10.27,1
2022-11-11 13:30,11,4,13,0,11.56,0.661,2.53,0
2022-11-16 10:30,11,2,10,1,9.22,0.207,4.04,0
2022-11-17 10:05,11,3,10,1,12.059,0.852,6.02,1
2022-11-18 10:10,11,4,10,1,9.601,0.084,4.137,0
2022-11-21 09:35,11,0,9,0,7.19,0.346,4.74,1
2022-11-22 09:25,11,1,9,1,7.76,0.279,2.281,0
2022-11-24 14:10,11,3,14,1,6.16,0.542,0.931,0
2022-11-25 09:25,11,4,9,1,5.089,0.481,2.59,1
2022-11-29 09:50,11,1,9,1,6.821,0.814,5.831,1
2022-12-01 10:10,12,3,10,0,11.131,0.08,4.97,0
2022-12-02 09:20,12,4,9,1,5.9,0.914,4.529,0
2022-12-06 14:15,12,1,14,1,11.59,0.03,2.52,1
2022-12-07 09:55,12,2,9,0,5.13,0.365,4.6,0
2022-12-13 10:25,12,1,10,0,7.557,0.887,10.193,1
2022-12-14 09:55,12,2,9,0,5.997,0.457,1.99,0
2022-12-16 10:30,12,4,10,0,11.643,0.054,6.313,0
2022-12-19 09:50,12,0,9,1,6.472,0.187,2.42,1
2022-12-20 10:40,12,1,10,0,15.43,0.307,6.25,0
2022-12-21 09:25,12,2,9,0,5.503,0.819,1.837,0
2022-12-22 09:55,12,3,9,1,5.94,0.417,3.82,0
2022-12-23 09:55,12,4,9,1,4.56,0.232,2.88,1
2022-12-27 09:30,12,1,9,1,5.94,0.258,3.777,1
2022-12-29 10:25,12,3,10,0,7.65,0.267,4.491,0
2021-01-04 10:05,1,0,10,0,11.967,0.49,10.21,1
2021-01-05 09:30,1,1,9,0,11.167,0.381,6.64,1
2021-01-08 10:30,1,4,10,1,27.89,0.053,11.483,0
2021-01-11 09:30,1,0,9,1,18.568,0.891,8.69,1
2021-01-12 09:30,1,1,9,1,10.07,0.49,10.657,1
2021-01-14 09:55,1,3,9,0,8.52,0.408,7.54,0
2021-01-15 09:25,1,4,9,1,11.376,0.35,4.697,0
2021-01-19 10:35,1,1,10,1,9.547,0.67,4.638,1
2021-01-20 10:50,1,2,10,0,21.06,0.299,4.334,0
2021-01-21 10:10,1,3,10,1,10.434,0.376,5.216,1
2021-01-22 09:40,1,4,9,1,24.21,0.26,6.806,1
2021-01-25 09:30,1,0,9,0,15.91,0.974,4.2,1
2021-01-26 09:30,1,1,9,0,8.92,0.526,3.13,1
2021-01-28 09:15,1,3,9,0,9.12,0.793,4.247,0
2021-01-29 09:25,1,4,9,0,26.656,0.989,10.957,1
2021-02-02 10:25,2,1,10,1,14.38,0.106,6.66,1
2021-02-03 09:40,2,2,9,0,6.86,0.562,5.058,1
2021-02-04 10:05,2,3,10,1,16.149,0.664,10.667,1
2021-02-05 09:20,2,4,9,1,12.993,0.907,5.36,1
2021-02-08 09:35,2,0,9,0,18.66,0.0,3.115,0
2021-02-09 10:05,2,1,10,1,10.022,0.071,9.78,1
2021-02-10 09:20,2,2,9,0,8.55,0.168,5.49,1
2021-02-11 09:45,2,3,9,1,6.37,0.945,4.657,0
2021-02-12 09:45,2,4,9,1,9.397,0.324,8.313,1
2021-02-16 09:40,2,1,9,1,21.138,0.675,6.76,1
2021-02-17 09:40,2,2,9,1,9.73,0.419,8.32,0
2021-02-18 09:30,2,3,9,1,10.127,0.672,5.024,0
2021-02-22 10:05,2,0,10,0,9.007,0.521,5.13,0
2021-02-24 10:00,2,2,10,1,7.235,0.536,4.75,0
2021-02-25 09:30,2,3,9,1,13.86,0.769,7.71,0
2021-03-01 10:10,3,0,10,1,18.972,0.188,6.605,0
2021-03-02 14:05,3,1,14,0,20.51,0.726,2.569,0
2021-03-03 09:20,3,2,9,1,15.05,0.215,7.101,0
2021-03-04 13:25,3,3,13,1,16.915,0.751,6.043,0
2021-03-05 09:45,3,4,9,0,8.586,0.87,12.691,0
2021-03-09 10:30,3,1,10,0,16.68,0.157,6.804,0
2021-03-10 09:30,3,2,9,0,7.307,0.523,5.469,0
2021-03-11 10:30,3,3,10,1,9.58,0.634,4.693,0
2021-03-12 14:30,3,4,14,0,12.166,0.796,1.899,0
2021-03-15 09:20,3,0,9,0,10.332,0.272,4.596,1
2021-03-16 10:15,3,1,10,0,7.551,0.454,8.473,1
2021-03-18 09:35,3,3,9,1,14.546,0.575,5.04,1
2021-03-19 13:50,3,4,13,0,10.85,0.338,1.55,1
2021-03-22 13:45,3,0,13,0,11.013,0.542,0.957,1
2021-03-23 09:45,3,1,9,1,6.253,0.489,4.36,0
2021-03-25 09:30,3,3,9,0,9.19,0.689,7.23,1
2021-03-26 10:40,3,4,10,0,10.45,0.971,5.26,1
2021-03-29 10:30,3,0,10,1,4.443,0.375,3.517,0
2021-03-30 09:45,3,1,9,1,18.91,0.47,4.137,0
2021-04-01 10:05,4,3,10,0,9.48,0.858,5.19,0
2021-04-05 10:40,4,0,10,0,6.19,0.667,2.59,0
2021-04-06 10:25,4,1,10,0,9.408,0.797,4.629,0
2021-04-09 09:45,4,4,9,1,5.45,0.278,9.03,1
2021-04-12 10:15,4,0,10,1,7.94,0.828,3.36,0
2021-04-13 10:00,4,1,10,0,6.66,0.361,3.16,0
2021-04-14 10:30,4,2,10,1,7.21,0.221,6.083,1
2021-04-16 10:30,4,4,10,0,18.23,0.808,2.53,0
2021-04-19 09:55,4,0,9,1,12.343,0.872,7.2,0
2021-04-20 10:20,4,1,10,0,12.013,0.54,3.29,0
2021-04-21 10:50,4,2,10,0,10.677,0.176,6.77,0
2021-04-23 09:25,4,4,9,0,10.82,0.28,8.283,1
2021-04-26 10:10,4,0,10,1,7.313,0.821,3.987,1
2021-04-27 09:25,4,1,9,0,7.19,0.135,3.681,1
2021-04-28 09:35,4,2,9,0,7.22,0.702,4.67,0
2021-04-29 10:15,4,3,10,1,9.473,0.362,7.05,1
2021-05-03 09:30,5,0,9,0,8.203,0.374,2.92,0
2021-05-04 10:35,5,1,10,0,9.83,0.471,8.61,1
2021-05-07 09:20,5,4,9,0,5.51,0.122,7.89,0
2021-05-10 09:50,5,0,9,0,8.57,0.054,6.468,1
2021-05-11 09:35,5,1,9,1,9.103,0.667,5.043,1
2021-05-12 10:10,5,2,10,0,5.63,0.521,13.46,1
2021-05-14 10:00,5,4,10,0,5.85,0.345,4.75,0
2021-05-17 10:10,5,0,10,1,8.197,0.141,12.763,1
2021-05-18 10:45,5,1,10,1,6.12,0.884,4.11,0
2021-05-19 10:20,5,2,10,0,20.89,0.033,11.874,0
2021-05-21 09:20,5,4,9,0,7.243,0.692,3.583,1
2021-05-24 10:35,5,0,10,0,7.93,0.032,4.05,1
2021-05-25 10:30,5,1,10,0,7.41,0.061,5.69,0
2021-05-26 09:30,5,2,9,1,6.533,0.595,5.34,0
2021-05-28 10:35,5,4,10,0,6.1,0.308,4.433,0
2021-06-02 09:20,6,2,9,0,8.83,0.573,2.76,0
2021-06-03 10:15,6,3,10,1,7.53,0.437,7.823,0
2021-06-08 10:05,6,1,10,1,10.571,0.069,12.08,0
2021-06-09 10:05,6,2,10,0,6.36,0.953,7.46,1
2021-06-10 09:25,6,3,9,0,12.81,0.566,7.205,0
2021-06-11 10:50,6,4,10,1,15.74,0.592,4.88,0
2021-06-14 09:30,6,0,9,1,10.57,0.884,4.02,1
2021-06-15 10:30,6,1,10,1,5.93,0.309,3.439,0
2021-06-16 14:00,6,2,14,0,8.313,0.499,17.35,1
2021-06-18 10:35,6,4,10,1,13.594,0.506,9.54,0
2021-06-21 10:25,6,0,10,1,11.67,0.974,8.54,1
2021-06-22 10:20,6,1,10,1,11.19,0.685,5.33,1
2021-06-23 10:45,6,2,10,0,6.157,0.413,5.35,1
2021-06-25 09:30,6,4,9,0,6.75,0.691,4.0,1
2021-06-29 09:30,6,1,9,1,12.48,0.687,6.09,1
2021-07-01 09:40,7,3,9,0,6.77,0.676,3.79,1
2021-07-02 09:20,7,4,9,0,14.52,0.147,4.01,0
2021-07-06 09:40,7,1,9,0,8.606,0.616,4.08,0
2021-07-07 09:35,7,2,9,1,7.74,0.877,3.51,0
2021-07-12 10:25,7,0,10,1,8.0,0.336,8.903,1
2021-07-13 09:25,7,1,9,1,6.56,0.757,7.747,1
2021-07-14 09:35,7,2,9,0,10.77,0.296,3.43,0
2021-07-16 10:05,7,4,10,0,10.88,0.584,4.54,1
2021-07-19 10:45,7,0,10,0,10.76,0.724,3.821,0
2021-07-20 10:00,7,1,10,0,8.13,0.911,3.12,1
2021-07-22 09:15,7,3,9,0,10.65,0.976,3.93,0
2021-07-26 09:35,7,0,9,1,5.34,0.682,3.94,0
2021-07-27 09:40,7,1,9,0,7.34,0.752,4.059,1
2021-07-28 10:00,7,2,10,1,10.43,0.409,3.49,1
2021-07-29 10:30,7,3,10,0,13.02,0.975,1.7,0
2021-07-30 09:45,7,4,9,1,4.74,0.511,4.828,0
2021-09-01 09:55,9,2,9,0,7.42,0.435,5.68,1
2021-09-02 09:45,9,3,9,1,4.849,0.971,3.78,0
2021-09-03 09:40,9,4,9,0,5.054,0.518,6.467,0
2021-09-07 10:35,9,1,10,1,12.237,0.017,5.989,0
2021-09-08 10:55,9,2,10,1,6.289,0.203,6.643,1
2021-09-10 09:15,9,4,9,1,10.8,0.779,3.097,0
2021-09-13 09:55,9,0,9,1,4.39,0.373,8.11,1
2021-09-14 09:30,9,1,9,0,12.75,0.823,6.23,0
2021-09-15 09:30,9,2,9,1,5.514,0.412,4.439,0
2021-09-16 10:05,9,3,10,1,16.2,0.77,9.52,0
2021-09-17 10:00,9,4,10,1,9.329,0.202,5.831,0
2021-09-20 09:10,9,0,9,0,9.323,0.47,2.004,1
2021-09-21 10:05,9,1,10,0,10.426,0.029,3.24,0
2021-09-22 14:35,9,2,14,0,8.01,0.51,11.49,1
2021-09-23 10:05,9,3,10,1,16.295,0.306,5.487,0
2021-09-24 10:00,9,4,10,1,8.513,0.239,6.9,1
2021-09-30 09:40,9,3,9,0,11.87,0.752,4.59,0
2021-10-01 09:50,10,4,9,0,5.963,0.957,4.92,0
2021-10-05 09:35,10,1,9,1,7.38,0.211,4.287,0
2021-10-06 10:05,10,2,10,0,10.968,0.202,3.187,0
2021-10-07 09:30,10,3,9,1,8.803,0.959,4.32,1
2021-10-08 09:35,10,4,9,0,8.88,0.957,6.72,1
2021-10-11 10:30,10,0,10,0,4.955,0.334,1.793,0
2021-10-12 10:35,10,1,10,0,8.528,0.213,5.92,0
2021-10-13 09:30,10,2,9,1,13.88,0.736,14.235,1
2021-10-15 09:40,10,4,9,1,14.57,0.773,5.126,0
2021-10-18 09:45,10,0,9,0,6.664,0.095,5.55,0
2021-10-19 09:30,10,1,9,0,7.07,0.739,6.91,1
2021-10-20 09:15,10,2,9,0,9.206,0.817,3.144,1
2021-10-22 10:30,10,4,10,0,4.564,0.902,2.844,0
2021-10-25 10:30,10,0,10,0,7.604,0.722,3.256,1
2021-10-26 10:25,10,1,10,1,4.866,0.513,3.446,1
2021-10-27 10:00,10,2,10,0,8.454,0.696,5.076,1
2021-10-28 10:10,10,3,10,0,7.79,0.167,9.266,1
2021-10-29 10:05,10,4,10,1,8.264,0.623,9.65,1
2021-11-01 09:45,11,0,9,0,9.804,0.257,3.734,0
2021-11-02 09:30,11,1,9,1,7.36,0.388,4.73,0
2021-11-04 10:05,11,3,10,0,20.674,0.539,3.73,1
2021-11-08 10:05,11,0,10,0,6.125,0.68,4.67,0
2021-11-09 09:25,11,1,9,0,8.55,0.378,2.93,0
2021-11-10 10:00,11,2,10,0,4.465,0.334,8.19,0
2021-11-15 09:40,11,0,9,0,6.496,0.555,4.72,1
2021-11-17 10:35,11,2,10,0,9.934,0.244,3.86,0
2021-11-18 10:55,11,3,10,1,10.994,0.254,2.64,0
2021-11-19 14:45,11,4,14,1,13.32,0.424,4.276,0
2021-11-22 09:35,11,0,9,1,9.75,0.912,8.37,0
2021-11-23 10:45,11,1,10,1,18.93,0.342,3.14,0
2021-11-24 09:35,11,2,9,1,10.457,0.749,5.82,1
2021-11-25 10:15,11,3,10,1,5.393,0.186,1.33,0
2021-11-29 09:30,11,0,9,1,9.06,0.727,3.01,0
2021-11-30 10:30,11,1,10,0,9.463,0.241,6.99,1
2021-12-01 09:25,12,2,9,0,12.033,0.94,4.507,0
2021-12-02 10:20,12,3,10,1,13.8,0.732,6.3,0
2021-12-03 13:50,12,4,13,0,8.628,0.19,1.27,0
2021-12-06 10:00,12,0,10,1,6.207,0.609,5.141,1
2021-12-07 10:00,12,1,10,1,7.26,0.148,6.793,1
2021-12-09 10:20,12,3,10,1,13.277,0.552,3.48,0
2021-12-10 09:15,12,4,9,0,3.72,0.452,4.1,0
2021-12-14 09:35,12,1,9,1,3.743,0.397,3.78,0
2021-12-15 09:50,12,2,9,1,4.66,0.199,5.34,0
2021-12-16 09:15,12,3,9,0,6.18,0.412,3.46,0
2021-12-17 09:40,12,4,9,1,7.03,0.115,3.847,0
2021-12-20 10:00,12,0,10,1,7.447,0.429,5.05,0
2021-12-22 09:10,12,2,9,0,7.643,0.459,1.74,1
2021-12-27 09:30,12,0,9,0,4.613,0.557,2.187,0
2021-12-28 09:35,12,1,9,1,4.78,0.213,4.714,0
2021-12-29 09:15,12,2,9,1,13.987,0.392,2.554,1
2021-12-31 09:30,12,4,9,0,5.226,0.239,2.056,0
2020-01-02 09:55,1,3,9,0,5.353,0.441,4.443,0
2020-01-07 09:55,1,1,9,0,7.21,0.132,2.9,0
2020-01-08 10:20,1,2,10,1,17.36,0.042,3.657,0
2020-01-09 13:45,1,3,13,0,12.01,0.267,2.663,1
2020-01-13 09:35,1,0,9,0,8.597,0.233,4.347,1
2020-01-14 10:15,1,1,10,0,4.22,0.606,3.1,1
2020-01-15 09:30,1,2,9,0,4.167,0.734,3.397,0
2020-01-16 09:55,1,3,9,1,5.66,0.714,3.387,0
2020-01-17 13:50,1,4,13,0,5.613,0.853,1.28,1
2020-01-21 10:05,1,1,10,1,9.697,0.617,6.397,1
2020-01-23 10:05,1,3,10,0,5.15,0.076,3.79,0
2020-01-24 10:55,1,4,10,0,5.51,0.509,5.637,0
2020-01-27 14:00,1,0,14,1,10.4,0.214,2.48,1
2020-01-28 10:55,1,1,10,1,10.63,0.947,3.053,0
2020-01-29 10:15,1,2,10,0,5.19,0.408,2.41,0
2020-01-30 10:00,1,3,10,1,4.637,0.126,6.71,1
2020-01-31 09:35,1,4,9,0,5.92,0.695,2.413,0
2020-02-03 10:40,2,0,10,1,7.937,0.523,4.437,0
2020-02-04 09:20,2,1,9,1,7.74,1.0,2.87,0
2020-02-07 10:05,2,4,10,0,5.557,0.528,2.75,0
2020-02-10 09:30,2,0,9,0,4.513,0.295,2.293,1
2020-02-11 09:45,2,1,9,0,4.787,0.252,2.19,1
2020-02-13 09:55,2,3,9,1,5.22,0.64,3.72,1
2020-02-14 10:05,2,4,10,0,2.533,0.406,2.76,0
2020-02-17 09:35,2,0,9,0,2.93,0.973,0.967,1
2020-02-18 09:30,2,1,9,0,2.963,0.604,3.423,0
2020-02-19 09:40,2,2,9,1,6.433,0.106,3.347,1
2020-02-20 10:40,2,3,10,0,11.71,0.201,3.24,0
2020-02-21 09:10,2,4,9,0,7.613,0.956,1.93,0
2020-02-24 10:15,2,0,10,1,17.427,0.397,4.947,0
2020-02-27 09:35,2,3,9,0,9.79,0.826,4.567,0
2020-02-28 09:50,2,4,9,1,23.353,0.012,5.82,0
2020-03-02 09:30,3,0,9,1,15.27,0.331,6.07,0
2020-03-04 14:45,3,2,14,1,14.607,0.616,6.57,1
2020-03-05 10:10,3,3,10,0,17.26,0.765,5.41,0
2020-03-06 10:55,3,4,10,1,19.07,0.393,21.98,1
2020-03-10 09:35,3,1,9,1,11.68,0.206,6.65,0
2020-03-12 09:40,3,3,9,1,39.42,0.435,8.61,0
2020-03-13 09:20,3,4,9,1,20.69,0.464,6.16,0
2020-03-18 10:30,3,2,10,1,35.487,0.896,9.61,0
2020-03-19 09:30,3,3,9,0,25.153,0.252,7.93,1
2020-03-26 09:20,3,3,9,0,28.473,0.452,6.39,0
2020-03-31 14:00,3,1,14,1,23.507,0.212,7.66,0
2020-04-01 10:15,4,2,10,1,19.17,0.233,13.083,1
2020-04-02 10:40,4,3,10,0,13.943,0.462,7.46,0
2020-04-06 10:20,4,0,10,0,20.307,0.76,5.852,0
2020-04-07 10:10,4,1,10,1,25.46,0.541,7.89,0
2020-04-08 09:55,4,2,9,0,12.848,0.782,4.973,1
2020-04-09 10:15,4,3,10,0,11.97,0.939,11.27,0
2020-04-14 10:50,4,1,10,0,17.72,0.546,10.857,1
2020-04-16 09:35,4,3,9,1,18.49,0.173,7.943,0
2020-04-17 13:35,4,4,13,1,21.527,0.282,5.153,0
2020-04-20 10:00,4,0,10,0,16.35,0.581,6.27,0
2020-04-23 09:55,4,3,9,0,21.833,0.238,5.778,0
2020-04-24 10:30,4,4,10,1,10.88,0.307,9.66,0
2020-04-27 10:30,4,0,10,1,11.26,0.037,6.77,0
2020-04-28 10:30,4,1,10,1,15.59,0.297,10.3,1
2020-04-29 09:45,4,2,9,1,7.9,0.228,6.433,1
2020-04-30 09:35,4,3,9,1,10.398,0.231,7.998,0
2020-05-07 10:45,5,3,10,0,9.947,0.453,4.4,0
2020-05-08 09:30,5,4,9,1,7.72,0.749,4.45,0
2020-05-13 10:55,5,2,10,0,9.53,0.18,3.133,0
2020-05-14 10:25,5,3,10,0,5.923,0.157,5.395,0
2020-05-15 10:40,5,4,10,0,8.61,0.436,4.06,0
2020-05-19 09:55,5,1,9,0,12.54,0.569,3.107,0
2020-05-20 09:15,5,2,9,1,6.507,0.221,4.13,0
2020-05-25 10:30,5,0,10,0,5.48,0.317,4.63,0
2020-05-27 09:30,5,2,9,1,12.68,0.159,4.47,1
2020-05-28 09:50,5,3,9,0,8.79,0.567,5.24,1
2020-06-01 10:45,6,0,10,1,14.37,0.719,7.555,1
2020-06-02 09:35,6,1,9,0,7.14,0.73,2.063,0
2020-06-03 09:30,6,2,9,1,12.79,0.667,7.03,0
2020-06-04 09:40,6,3,9,0,16.103,0.596,4.7,1
2020-06-05 09:20,6,4,9,1,11.423,0.045,5.427,0
2020-06-08 10:05,6,0,10,1,6.327,0.685,5.797,1
2020-06-09 09:15,6,1,9,0,16.123,0.884,2.243,0
2020-06-10 09:35,6,2,9,0,9.6,0.752,4.035,0
2020-06-12 10:00,6,4,10,0,6.573,0.058,6.47,1
2020-06-15 10:00,6,0,10,1,16.193,0.503,5.593,1
2020-06-16 09:30,6,1,9,1,10.183,0.089,8.32,0
2020-06-19 09:20,6,4,9,0,6.62,0.777,3.97,0
2020-06-22 10:25,6,0,10,0,8.73,0.777,3.23,0
2020-06-23 10:45,6,1,10,0,11.673,0.833,4.553,0
2020-06-24 09:30,6,2,9,1,11.55,0.638,4.26,0
2020-06-25 10:30,6,3,10,1,10.363,0.331,4.84,1
2020-06-26 10:20,6,4,10,1,6.813,0.207,5.28,1
2020-07-01 09:25,7,2,9,1,12.223,0.385,4.677,0
2020-07-02 09:40,7,3,9,1,7.23,0.285,11.86,1
2020-07-06 10:15,7,0,10,0,5.773,0.871,6.45,1
2020-07-08 10:55,7,2,10,0,12.07,0.928,6.18,1
2020-07-10 09:30,7,4,9,0,13.193,0.285,3.39,1
2020-07-13 09:45,7,0,9,0,5.987,0.68,5.12,1
2020-07-15 10:05,7,2,10,1,11.408,0.412,4.037,1
2020-07-16 10:45,7,3,10,0,5.327,0.559,1.887,1
2020-07-17 10:55,7,4,10,0,7.59,0.574,1.603,0
2020-07-20 09:30,7,0,9,0,7.74,0.891,3.853,1
2020-07-21 09:15,7,1,9,0,8.863,0.989,3.25,0
2020-07-22 13:30,7,2,13,0,16.75,0.613,3.563,0
2020-07-23 09:45,7,3,9,1,16.01,0.85,5.96,1
2020-07-24 09:40,7,4,9,0,10.767,0.711,8.08,0
2020-07-27 09:35,7,0,9,1,13.303,0.71,8.18,1
2020-07-29 09:40,7,2,9,0,7.313,0.419,7.31,1
2020-07-30 10:15,7,3,10,0,14.55,0.289,11.66,1
2020-07-31 10:05,7,4,10,1,14.913,0.35,11.05,1
2020-09-01 10:50,9,1,10,1,8.32,0.478,10.74,0
2020-09-03 10:15,9,3,10,0,11.407,0.497,10.283,1
2020-09-04 09:30,9,4,9,1,8.573,0.42,15.38,0
2020-09-08 10:05,9,1,10,1,25.567,0.562,8.7,1
2020-09-09 10:15,9,2,10,0,14.163,0.204,6.69,0
2020-09-10 09:30,9,3,9,0,10.311,0.501,4.33,0
2020-09-11 09:30,9,4,9,0,7.89,0.078,4.79,0
2020-09-14 09:25,9,0,9,0,7.72,0.817,3.957,0
2020-09-16 09:25,9,2,9,0,7.863,0.416,3.97,1
2020-09-17 09:50,9,3,9,1,11.913,0.429,7.77,1
2020-09-18 10:00,9,4,10,1,7.397,0.582,4.17,1
2020-09-21 10:45,9,0,10,1,26.463,0.306,12.983,0
2020-09-22 09:20,9,1,9,0,15.11,0.729,3.47,1
2020-09-24 13:55,9,3,13,0,12.533,0.049,4.52,1
2020-09-25 14:30,9,4,14,0,22.357,0.043,2.033,0
2020-09-28 09:40,9,0,9,0,17.113,0.639,6.76,0
2020-09-30 09:30,9,2,9,0,8.82,0.917,6.15,1
2020-10-02 09:50,10,4,9,1,10.263,0.351,3.97,0
2020-10-05 10:40,10,0,10,0,16.43,0.36,7.943,0
2020-10-06 09:50,10,1,9,0,12.553,0.619,9.31,1
2020-10-08 09:30,10,3,9,0,5.24,0.969,2.49,0
2020-10-09 09:35,10,4,9,0,10.513,0.833,5.84,0
2020-10-13 10:55,10,1,10,1,10.603,0.435,6.327,0
2020-10-14 09:30,10,2,9,0,9.81,0.461,3.87,0
2020-10-20 10:35,10,1,10,1,8.657,0.483,7.57,1
2020-10-21 10:50,10,2,10,0,8.25,0.085,3.04,1
2020-10-22 10:50,10,3,10,1,7.08,0.59,5.57,0
2020-10-23 09:45,10,4,9,1,6.953,0.291,4.16,0
2020-10-26 09:20,10,0,9,0,9.993,0.783,4.21,1
2020-10-27 09:55,10,1,9,0,8.38,0.516,2.43,0
2020-11-03 09:30,11,1,9,0,12.633,0.564,2.8,0
2020-11-04 13:25,11,2,13,1,23.793,0.518,3.14,1
2020-11-06 09:15,11,4,9,0,14.153,0.904,5.19,1
2020-11-11 09:30,11,2,9,1,12.06,0.427,10.307,1
2020-11-12 09:25,11,3,9,0,9.83,0.966,2.54,0
2020-11-13 09:15,11,4,9,0,12.947,0.085,3.55,1
2020-11-19 14:20,11,3,14,0,10.52,0.136,2.077,0
2020-11-20 09:55,11,4,9,0,5.96,0.728,3.994,0
2020-11-24 10:55,11,1,10,1,25.089,0.57,5.64,1
2020-11-26 10:35,11,3,10,1,6.911,0.335,4.231,0
2020-11-27 09:20,11,4,9,1,7.19,0.42,6.587,0
2020-12-01 09:15,12,1,9,0,20.74,0.824,2.727,1
2020-12-02 14:55,12,2,14,0,18.58,0.207,1.26,0
2020-12-03 10:15,12,3,10,1,9.163,0.278,6.84,0
2020-12-04 10:00,12,4,10,0,6.537,0.75,8.59,1
2020-12-08 10:00,12,1,10,0,6.92,0.441,9.073,1
2020-12-09 10:30,12,2,10,1,14.637,0.816,9.045,0
2020-12-10 10:15,12,3,10,0,10.68,0.392,8.02,1
2020-12-11 09:20,12,4,9,0,15.692,0.107,5.22,0
2020-12-14 09:50,12,0,9,0,15.726,0.184,5.223,0
2020-12-15 09:10,12,1,9,0,8.439,0.993,4.24,0
2020-12-16 14:30,12,2,14,1,12.54,0.154,7.272,1
2020-12-17 10:30,12,3,10,0,12.15,0.923,6.543,0
2020-12-22 09:25,12,1,9,0,7.04,0.794,3.077,1
2020-12-23 10:05,12,2,10,0,15.28,0.24,4.527,0
2020-12-24 09:40,12,3,9,1,9.49,0.136,4.66,1
2020-12-28 09:50,12,0,9,0,17.41,0.481,5.39,0
2020-12-29 10:35,12,1,10,1,9.194,0.578,6.85,1
2020-12-30 10:10,12,2,10,0,3.86,0.637,2.56,0
2020-12-31 09:20,12,3,9,0,5.643,0.609,2.576,1
2019-01-02 14:45,1,2,14,1,4.793,0.604,2.783,1
2019-01-03 10:25,1,3,10,0,4.53,0.168,3.63,0
2019-01-04 10:20,1,4,10,1,5.94,0.592,5.783,1
2019-01-08 09:10,1,1,9,1,2.2,0.764,1.267,1
2019-01-09 09:25,1,2,9,0,3.295,0.89,1.22,0
2019-01-10 09:30,1,3,9,1,5.42,0.299,2.073,0
2019-01-11 10:20,1,4,10,1,3.953,0.111,2.79,1
2019-01-14 09:15,1,0,9,1,3.827,0.845,2.08,0
2019-01-15 10:05,1,1,10,0,4.523,0.467,1.08,1
2019-01-17 09:20,1,3,9,1,2.713,0.853,1.8,0
2019-01-18 09:55,1,4,9,1,6.603,0.683,1.583,0
2019-01-23 10:15,1,2,10,1,2.353,0.341,2.17,1
2019-01-24 10:10,1,3,10,0,2.42,0.517,1.52,0
2019-01-25 10:35,1,4,10,0,2.797,0.351,2.99,0
2019-01-28 09:50,1,0,9,1,3.337,0.139,3.543,1
2019-01-29 10:00,1,1,10,1,3.34,0.455,2.633,1
2019-01-30 09:40,1,2,9,1,4.853,0.258,2.013,1
2019-01-31 09:45,1,3,9,0,4.683,0.189,1.95,1
2019-02-01 10:45,2,4,10,1,4.23,0.975,2.38,0
2019-02-05 09:40,2,1,9,0,4.013,0.062,1.36,0
2019-02-07 09:35,2,3,9,0,6.853,0.089,2.003,1
2019-02-08 10:20,2,4,10,0,5.707,0.095,2.023,1
2019-02-11 09:35,2,0,9,1,5.913,0.456,1.67,1
2019-02-12 10:50,2,1,10,1,3.42,0.013,1.55,1
2019-02-13 10:45,2,2,10,0,5.203,0.098,2.313,1
2019-02-14 10:00,2,3,10,0,7.407,0.839,2.613,0
2019-02-15 09:30,2,4,9,0,4.893,0.425,3.34,1
2019-02-18 10:50,2,0,10,0,4.78,0.166,1.073,1
2019-02-20 13:40,2,2,13,0,3.74,0.198,2.16,1
2019-02-21 10:25,2,3,10,1,8.433,0.43,3.025,0
2019-02-22 10:50,2,4,10,0,5.457,0.882,1.453,0
2019-02-25 10:15,2,0,10,0,3.31,0.315,2.18,1
2019-02-27 10:00,2,2,10,1,3.07,0.593,1.863,0
2019-02-28 10:00,2,3,10,1,5.523,0.263,2.463,0
2019-03-01 09:25,3,4,9,1,4.61,0.837,2.865,1
2019-03-04 10:40,3,0,10,1,6.933,0.585,2.51,1
2019-03-05 10:20,3,1,10,1,3.087,0.047,2.35,0
2019-03-06 09:50,3,2,9,1,4.463,0.661,1.76,0
2019-03-08 09:35,3,4,9,0,3.72,0.904,3.59,1
2019-03-11 10:30,3,0,10,1,4.163,0.749,2.64,0
2019-03-12 14:20,3,1,14,0,5.123,0.333,1.08,0
2019-03-13 14:50,3,2,14,0,5.23,0.696,1.07,1
2019-03-14 14:25,3,3,14,0,9.3,0.241,1.073,1
2019-03-15 09:35,3,4,9,0,3.82,0.291,2.013,1
2019-03-21 10:25,3,3,10,1,5.19,0.549,2.643,0
2019-03-25 09:40,3,0,9,0,3.98,0.365,1.62,0
2019-03-27 10:15,3,2,10,1,5.483,0.75,3.147,0
2019-03-28 10:55,3,3,10,1,11.12,0.187,1.913,0
2019-04-01 09:30,4,0,9,0,3.94,0.569,1.53,1
2019-04-03 10:00,4,2,10,1,3.955,0.528,2.223,0
2019-04-04 10:00,4,3,10,1,4.343,0.108,2.44,1
2019-04-05 09:35,4,4,9,0,3.788,0.561,2.97,0
2019-04-08 09:30,4,0,9,0,2.043,0.326,1.99,1
2019-04-09 09:15,4,1,9,0,5.803,0.162,1.417,0
2019-04-10 10:05,4,2,10,1,2.81,0.871,4.53,1
2019-04-11 09:25,4,3,9,1,7.04,0.267,2.87,0
2019-04-12 09:55,4,4,9,1,4.38,0.32,1.997,1
2019-04-15 09:45,4,0,9,1,2.88,0.409,2.037,1
2019-04-16 09:55,4,1,9,1,4.848,0.718,3.17,0
2019-04-22 10:05,4,0,10,1,3.4,0.859,1.36,0
2019-04-23 09:40,4,1,9,1,3.01,0.347,3.29,0
2019-04-25 10:05,4,3,10,0,2.75,0.148,2.23,0
2019-04-26 10:55,4,4,10,0,3.263,0.246,1.343,0
2019-04-29 10:45,4,0,10,1,3.77,0.44,1.657,1
2019-05-01 10:30,5,2,10,0,5.07,0.249,2.02,0
2019-05-02 09:45,5,3,9,1,2.403,0.489,2.813,1
2019-05-03 10:35,5,4,10,0,2.943,0.915,2.593,0
2019-05-06 09:50,5,0,9,1,3.573,0.975,1.793,1
2019-05-09 09:40,5,3,9,1,3.99,0.542,2.68,1
2019-05-13 09:45,5,0,9,0,2.323,0.39,2.35,0
2019-05-14 09:40,5,1,9,0,3.178,0.625,1.263,1
2019-05-21 09:55,5,1,9,1,5.263,0.182,1.59,1
2019-05-23 09:20,5,3,9,0,4.76,0.64,2.41,0
2019-05-24 10:15,5,4,10,1,3.588,0.218,2.163,1
2019-05-28 09:55,5,1,9,1,2.96,0.378,1.83,0
2019-05-30 09:30,5,3,9,0,3.167,0.408,2.363,0
2019-06-04 09:20,6,1,9,1,6.057,0.366,1.853,1
2019-06-05 09:20,6,2,9,0,8.318,0.483,3.343,1
2019-06-06 09:15,6,3,9,0,5.11,0.765,2.4,1
2019-06-07 09:45,6,4,9,0,5.097,0.373,3.273,0
2019-06-10 09:40,6,0,9,0,4.077,0.529,1.82,0
2019-06-11 14:45,6,1,14,0,6.513,0.334,1.307,0
2019-06-12 10:00,6,2,10,1,4.103,0.808,3.213,1
2019-06-13 09:45,6,3,9,1,4.12,0.379,2.33,1
2019-06-14 09:35,6,4,9,1,6.1,0.763,3.688,0
2019-06-17 09:45,6,0,9,0,5.683,0.661,2.123,0
2019-06-18 09:40,6,1,9,0,7.267,0.414,9.583,1
2019-06-19 13:15,6,2,13,0,4.79,0.56,1.283,0
2019-06-20 09:25,6,3,9,0,6.317,0.292,3.433,0
2019-06-25 10:30,6,1,10,0,10.347,0.035,4.173,1
2019-06-27 10:00,6,3,10,1,4.893,0.327,2.77,1
2019-06-28 09:50,6,4,9,1,4.8,0.357,3.36,0
2019-07-01 09:50,7,0,9,0,11.51,0.357,2.633,0
2019-07-02 09:50,7,1,9,1,3.363,0.974,3.95,1
2019-07-03 10:00,7,2,10,1,9.693,0.632,4.743,0
2019-07-04 10:50,7,3,10,0,6.0,0.074,1.313,0
2019-07-05 10:45,7,4,10,1,6.399,0.945,6.26,0
2019-07-10 09:45,7,2,9,0,6.58,0.206,1.993,0
2019-07-11 09:30,7,3,9,1,6.08,0.596,2.18,0
2019-07-16 10:30,7,1,10,1,3.65,0.408,2.61,0
2019-07-17 10:00,7,2,10,0,6.27,0.31,2.615,0
2019-07-18 10:05,7,3,10,1,5.29,0.346,3.79,1
2019-07-19 09:35,7,4,9,1,5.7,0.927,3.843,1
2019-07-22 10:05,7,0,10,0,3.797,0.52,2.84,1
2019-07-23 10:40,7,1,10,0,8.0,0.515,4.927,1
2019-07-24 10:15,7,2,10,0,6.983,0.797,3.757,1
2019-07-25 10:20,7,3,10,1,9.693,0.239,3.525,0
2019-07-26 09:45,7,4,9,0,3.98,0.702,3.72,0
2019-07-29 09:40,7,0,9,0,3.143,0.248,4.38,0
2019-07-30 09:35,7,1,9,0,5.203,0.806,1.987,1
2019-07-31 09:45,7,2,9,0,2.553,0.712,4.763,1
2019-09-02 10:05,9,0,10,0,6.953,0.362,2.817,0
2019-09-03 09:35,9,1,9,0,7.887,0.368,2.613,0
2019-09-04 10:25,9,2,10,0,5.643,0.839,3.115,0
2019-09-05 09:25,9,3,9,1,11.95,0.75,1.873,0
2019-09-06 10:10,9,4,10,0,9.18,0.284,8.723,1
2019-09-10 10:20,9,1,10,0,6.43,0.448,4.903,1
2019-09-11 09:55,9,2,9,1,5.803,0.83,5.32,1
2019-09-12 09:35,9,3,9,0,13.7,0.122,8.16,1
2019-09-13 09:25,9,4,9,1,7.57,0.025,3.913,0
2019-09-17 10:30,9,1,10,0,10.77,0.55,4.743,0
2019-09-18 09:25,9,2,9,0,3.55,0.174,1.84,0
2019-09-19 09:25,9,3,9,0,10.083,0.761,2.773,1
2019-09-23 09:20,9,0,9,0,9.68,0.598,3.45,0
2019-09-24 10:00,9,1,10,1,4.363,0.206,5.493,1
2019-09-26 09:55,9,3,9,0,5.34,0.155,3.077,1
2019-09-27 09:55,9,4,9,1,9.163,0.568,5.237,1
2019-10-02 10:05,10,2,10,0,12.09,0.573,5.703,0
2019-10-04 09:10,10,4,9,1,3.533,0.826,3.077,0
2019-10-07 14:05,10,0,14,1,10.42,0.39,5.41,0
2019-10-08 09:45,10,1,9,0,15.843,0.697,2.76,1
2019-10-11 10:55,10,4,10,1,23.65,0.095,4.33,1
2019-10-16 09:25,10,2,9,0,6.483,0.528,4.32,0
2019-10-17 10:05,10,3,10,0,7.97,0.114,3.183,0
2019-10-18 09:55,10,4,9,0,5.58,0.808,3.173,1
2019-10-21 10:40,10,0,10,0,5.213,0.906,6.313,1
2019-10-23 10:50,10,2,10,0,4.96,0.796,3.21,1
2019-10-25 09:30,10,4,9,0,6.67,0.803,3.55,1
2019-10-28 09:15,10,0,9,1,9.903,0.814,1.693,0
2019-10-31 09:45,10,3,9,0,10.583,0.398,2.15,0
2019-11-05 09:10,11,1,9,1,8.64,0.76,1.55,0
2019-11-13 14:35,11,2,14,0,8.903,0.28,2.027,0
2019-11-14 10:45,11,3,10,1,4.633,0.254,2.293,1
2019-11-15 09:15,11,4,9,0,5.21,0.881,1.45,0
2019-11-18 09:55,11,0,9,0,7.29,0.317,3.22,0
2019-11-20 09:50,11,2,9,1,6.523,0.485,2.663,0
2019-11-22 10:15,11,4,10,1,8.67,0.523,2.837,0
2019-11-25 09:10,11,0,9,1,3.41,0.787,1.19,1
2019-11-26 10:05,11,1,10,1,4.277,0.43,6.165,1
2019-11-27 10:00,11,2,10,1,2.97,0.483,3.15,0
2019-11-28 10:40,11,3,10,1,3.467,0.696,1.42,1
2019-11-29 09:10,11,4,9,1,3.86,0.808,1.803,1
2019-12-02 09:55,12,0,9,0,5.21,0.57,2.09,0
2019-12-03 10:35,12,1,10,0,9.173,0.573,5.193,0
2019-12-04 10:55,12,2,10,1,11.323,0.561,1.76,0
2019-12-05 09:30,12,3,9,1,4.883,0.273,2.4,1
2019-12-09 10:20,12,0,10,1,3.673,0.57,1.387,0
2019-12-10 09:40,12,1,9,0,5.723,0.622,2.893,1
2019-12-12 09:35,12,3,9,0,5.013,0.335,9.82,1
2019-12-13 10:30,12,4,10,1,7.47,0.158,6.12,1
2019-12-16 10:25,12,0,10,0,3.59,0.366,3.513,1
2019-12-17 09:30,12,1,9,1,4.113,0.279,1.923,0
2019-12-18 09:10,12,2,9,1,4.66,0.66,2.253,1
2019-12-19 09:30,12,3,9,0,3.39,0.568,1.2,0
2019-12-20 09:20,12,4,9,0,2.285,0.839,1.49,1
2019-12-23 13:45,12,0,13,0,3.62,0.407,1.503,0
2019-12-24 09:55,12,1,9,0,3.95,0.102,1.52,0
2019-12-30 10:50,12,0,10,0,3.403,0.635,1.623,0
2019-12-31 10:00,12,1,10,1,4.397,0.124,3.97,1
2018-01-02 09:25,1,1,9,0,4.36,0.615,1.31,1
2018-01-03 10:00,1,2,10,0,4.11,0.431,2.31,1
2018-01-04 09:50,1,3,9,0,3.84,0.881,1.85,0
2018-01-05 10:30,1,4,10,0,2.48,0.543,1.84,0
2018-01-09 10:00,1,1,10,1,4.37,0.379,2.01,1
2018-01-11 09:10,1,3,9,0,3.91,0.311,1.23,0
2018-01-12 09:15,1,4,9,1,6.48,0.383,3.01,1
2018-01-15 10:15,1,0,10,1,3.33,0.886,2.6,0
2018-01-16 14:45,1,1,14,0,8.11,0.167,1.48,0
2018-01-17 09:20,1,2,9,1,4.7,0.528,2.17,1
2018-01-18 10:30,1,3,10,0,4.24,0.831,3.3,0
2018-01-23 09:50,1,1,9,1,3.12,0.576,2.31,1
2018-01-26 13:25,1,4,13,0,7.36,0.841,1.67,1
2018-01-30 09:35,1,1,9,0,10.92,0.871,2.79,1
2018-01-31 10:45,1,2,10,0,2.91,0.469,1.86,1
2018-02-02 09:20,2,4,9,1,4.89,0.641,3.07,0
2018-02-07 09:30,2,2,9,1,7.54,0.078,3.51,1
2018-02-08 09:40,2,3,9,0,6.41,0.465,2.15,0
2018-02-09 09:45,2,4,9,1,3.97,0.52,2.45,0
2018-02-13 09:50,2,1,9,1,4.23,0.297,2.62,1
2018-02-14 09:25,2,2,9,1,3.34,0.25,4.51,1
2018-02-16 10:30,2,4,10,1,8.27,0.103,3.3,0
2018-02-20 09:40,2,1,9,0,3.95,0.003,2.23,1
2018-02-21 09:35,2,2,9,0,4.55,0.478,1.73,0
2018-02-22 10:50,2,3,10,0,3.59,0.115,3.02,0
2018-02-23 10:15,2,4,10,1,4.42,0.128,2.42,1
2018-02-26 09:45,2,0,9,1,4.45,0.233,3.91,0
2018-02-28 09:55,2,2,9,0,4.36,0.505,4.59,1
2018-03-01 10:30,3,3,10,1,8.26,0.058,6.79,1
2018-03-02 09:30,3,4,9,0,8.23,0.629,2.59,1
2018-03-06 09:20,3,1,9,0,9.79,0.582,1.82,0
2018-03-09 09:10,3,4,9,1,3.0,0.754,1.09,0
2018-03-13 10:10,3,1,10,0,3.07,0.455,5.0,0
2018-03-14 09:45,3,2,9,1,3.06,0.12,2.04,0
2018-03-15 09:30,3,3,9,1,3.84,0.519,2.32,0
2018-03-19 10:05,3,0,10,0,4.63,0.2,1.52,0
2018-03-21 09:50,3,2,9,0,3.95,0.965,2.45,0
2018-03-22 09:55,3,3,9,1,6.04,0.788,2.72,0
2018-03-23 09:30,3,4,9,0,4.64,0.78,5.13,0
2018-03-27 09:45,3,1,9,1,12.0,0.961,3.01,1
2018-04-02 10:45,4,0,10,0,4.56,0.35,1.89,0
2018-04-04 09:35,4,2,9,0,12.88,0.664,5.16,1
2018-04-05 09:35,4,3,9,1,6.23,0.207,4.52,1
2018-04-06 09:50,4,4,9,0,6.3,0.479,5.27,0
2018-04-09 09:30,4,0,9,0,4.9,0.747,2.9,0
2018-04-10 09:50,4,1,9,0,5.98,0.225,1.81,0
2018-04-12 10:45,4,3,10,1,8.31,0.804,1.83,0
2018-04-13 10:20,4,4,10,0,8.88,0.431,1.37,0
2018-04-16 10:30,4,0,10,0,4.72,0.77,1.34,1
2018-04-17 09:20,4,1,9,1,8.03,0.821,2.46,1
2018-04-18 10:35,4,2,10,0,8.17,0.536,2.1,1
2018-04-20 10:55,4,4,10,1,4.86,0.977,2.74,0
2018-04-23 10:35,4,0,10,1,8.12,0.993,2.27,1
2018-04-24 09:50,4,1,9,1,3.41,0.788,3.54,1
2018-04-30 10:00,4,0,10,1,6.26,0.202,3.39,1
2018-05-01 10:00,5,1,10,1,4.1,0.182,2.22,0
2018-05-02 10:25,5,2,10,1,2.87,0.94,1.93,1
2018-05-04 10:00,5,4,10,1,3.35,0.567,2.6,1
2018-05-08 10:25,5,1,10,1,6.12,0.075,1.78,1
2018-05-09 09:20,5,2,9,0,8.82,0.86,1.94,0
2018-05-10 09:40,5,3,9,0,7.32,0.421,4.09,1
2018-05-11 14:55,5,4,14,1,6.95,0.167,1.93,0
2018-05-15 10:00,5,1,10,1,6.01,0.492,3.54,0
2018-05-16 14:30,5,2,14,0,10.21,0.289,1.73,0
2018-05-17 09:30,5,3,9,0,5.29,0.419,1.9,0
2018-05-18 09:30,5,4,9,1,4.87,0.697,3.46,1
2018-05-21 09:45,5,0,9,0,3.68,0.747,1.38,0
2018-05-23 09:30,5,2,9,1,8.82,0.238,1.68,1
2018-05-24 10:40,5,3,10,0,2.4,0.155,1.61,0
2018-05-25 09:15,5,4,9,0,3.9,0.348,1.89,1
2018-05-29 09:25,5,1,9,1,10.6,0.151,2.55,1
2018-05-31 09:30,5,3,9,1,3.26,0.74,1.96,1
2018-06-01 09:20,6,4,9,1,5.75,0.612,1.88,1
2018-06-04 09:40,6,0,9,0,6.82,0.955,2.04,1
2018-06-05 13:15,6,1,13,0,3.67,0.361,0.91,0
2018-06-06 10:10,6,2,10,0,4.96,0.96,1.7,1
2018-06-07 09:20,6,3,9,0,3.16,0.227,2.24,1
2018-06-11 10:05,6,0,10,0,3.93,0.194,1.86,0
2018-06-12 10:25,6,1,10,0,1.88,0.702,1.46,0
2018-06-13 09:25,6,2,9,0,3.02,0.94,1.41,0
2018-06-14 10:30,6,3,10,1,3.95,0.816,2.69,0
2018-06-15 09:25,6,4,9,1,3.7,0.247,2.63,0
2018-06-20 13:10,6,2,13,1,4.07,0.529,0.75,0
2018-06-22 09:45,6,4,9,1,3.31,0.462,2.72,1
2018-06-27 09:50,6,2,9,1,4.61,0.336,1.66,0
2018-06-28 14:45,6,3,14,1,4.82,0.366,1.06,1
2018-07-02 10:00,7,0,10,1,1.84,0.393,1.57,0
2018-07-05 09:55,7,3,9,0,4.72,0.833,1.87,0
2018-07-06 09:30,7,4,9,0,3.09,0.337,1.91,1
2018-07-09 13:50,7,0,13,1,6.5,0.231,1.62,0
2018-07-11 14:15,7,2,14,1,5.11,0.546,1.22,0
2018-07-12 09:35,7,3,9,0,3.91,0.071,1.99,0
2018-07-16 09:45,7,0,9,1,3.07,0.283,1.59,0
2018-07-17 10:00,7,1,10,1,5.52,0.251,2.45,0
2018-07-18 09:30,7,2,9,0,3.76,1.0,1.64,0
2018-07-19 09:10,7,3,9,1,9.2,0.586,1.29,1
2018-07-20 09:25,7,4,9,0,4.51,0.879,3.36,0
2018-07-23 09:25,7,0,9,1,4.58,0.171,1.49,0
2018-07-25 10:15,7,2,10,0,7.64,0.328,3.5,1
2018-07-26 10:40,7,3,10,1,3.49,0.25,1.82,0
2018-09-04 10:40,9,1,10,1,4.87,0.482,1.56,1
2018-09-05 09:30,9,2,9,0,3.96,0.545,1.79,0
2018-09-07 10:45,9,4,10,1,4.03,0.308,4.24,0
2018-09-10 09:30,9,0,9,0,4.12,0.352,1.36,0
2018-09-11 10:05,9,1,10,1,4.08,0.477,4.35,1
2018-09-13 09:45,9,3,9,0,3.86,0.26,2.13,1
2018-09-14 09:30,9,4,9,1,4.27,0.038,2.06,0
2018-09-18 14:35,9,1,14,1,7.19,0.618,1.42,0
2018-09-19 09:50,9,2,9,0,2.46,0.603,2.61,1
2018-09-20 09:50,9,3,9,0,4.93,0.235,2.14,0
2018-09-21 09:45,9,4,9,1,6.89,0.523,4.33,0
2018-09-27 09:35,9,3,9,1,4.51,0.831,2.1,0
2018-10-01 09:50,10,0,9,0,3.38,0.02,2.71,1
2018-10-02 10:35,10,1,10,0,5.57,0.94,2.73,0
2018-10-03 10:15,10,2,10,1,3.35,0.323,3.01,0
2018-10-04 09:55,10,3,9,0,5.23,0.292,1.49,0
2018-10-05 09:20,10,4,9,0,6.45,0.549,2.68,0
2018-10-08 09:45,10,0,9,1,5.02,0.866,2.0,0
2018-10-10 14:55,10,2,14,0,5.26,0.184,1.31,0
2018-10-12 10:00,10,4,10,0,6.0,0.648,3.55,1
2018-10-16 09:35,10,1,9,0,4.28,0.132,1.7,1
2018-10-17 14:20,10,2,14,1,6.4,0.744,1.48,0
2018-10-18 10:35,10,3,10,0,5.07,0.486,1.86,0
2018-10-19 09:30,10,4,9,0,5.88,0.72,1.7,1
2018-10-22 09:55,10,0,9,1,6.22,0.745,1.85,0
2018-10-23 09:30,10,1,9,0,8.93,0.215,1.89,1
2018-10-25 10:55,10,3,10,1,5.3,0.238,1.32,0
2018-10-29 13:35,10,0,13,1,3.99,0.266,2.44,0
2018-10-31 10:00,10,2,10,1,3.99,0.084,1.56,1
2018-11-01 09:30,11,3,9,0,5.31,0.746,2.82,0
2018-11-08 14:10,11,3,14,0,3.72,0.714,3.48,1
2018-11-09 10:15,11,4,10,1,4.35,0.69,2.77,0
2018-11-12 10:00,11,0,10,1,3.69,0.957,1.84,0
2018-11-14 10:15,11,2,10,0,4.7,0.504,1.9,0
2018-11-16 09:45,11,4,9,0,3.45,0.436,1.99,0
2018-11-20 10:40,11,1,10,1,4.98,0.348,1.89,0
2018-11-21 09:55,11,2,9,0,3.19,0.696,1.84,0
2018-11-23 09:50,11,4,9,0,3.53,0.618,1.56,0
2018-11-28 09:20,11,2,9,1,3.07,0.338,1.66,1
2018-11-30 10:05,11,4,10,1,3.67,0.538,1.59,1
2018-12-03 10:00,12,0,10,0,4.18,0.168,2.7,0
2018-12-04 09:35,12,1,9,0,4.94,0.032,1.82,1
2018-12-05 09:45,12,2,9,0,4.9,0.585,1.83,1
2018-12-06 10:55,12,3,10,0,3.02,0.045,2.96,0
2018-12-10 09:30,12,0,9,1,3.32,0.295,2.28,1
2018-12-12 10:05,12,2,10,0,3.72,0.892,1.4,0
2018-12-13 10:55,12,3,10,1,5.27,0.481,1.59,0
2018-12-14 10:25,12,4,10,1,2.22,0.74,3.56,1
2018-12-17 10:05,12,0,10,0,2.673,0.417,1.797,0
2018-12-18 09:45,12,1,9,1,3.843,0.636,2.04,1
2018-12-19 10:35,12,2,10,0,4.623,0.262,3.41,1
2018-12-20 10:30,12,3,10,0,8.8,0.433,2.62,0
2018-12-21 14:10,12,4,14,1,6.553,0.886,1.655,1
2018-12-24 10:35,12,0,10,0,6.06,0.684,2.05,0
2018-12-27 09:35,12,3,9,0,7.34,0.914,1.59,0
2018-12-28 13:40,12,4,13,0,6.163,0.119,2.03,1
2018-12-31 09:55,12,0,9,1,3.563,0.026,1.47,0
2017-01-06 09:30,1,4,9,1,4.93,0.574,2.87,0
2017-01-09 09:35,1,0,9,0,7.13,0.127,2.46,0
2017-01-10 10:15,1,1,10,0,4.66,0.0,2.46,0
2017-01-11 10:30,1,2,10,1,4.31,0.543,2.81,1
2017-01-12 13:20,1,3,13,1,7.35,0.613,2.08,0
2017-01-13 10:10,1,4,10,1,4.29,0.114,4.86,1
2017-01-19 10:20,1,3,10,1,7.51,0.446,3.78,1
2017-01-20 13:20,1,4,13,0,8.44,0.872,2.35,0
2017-01-23 10:00,1,0,10,1,4.61,0.233,4.62,1
2017-01-24 10:10,1,1,10,0,2.57,0.444,2.56,1
2017-01-25 10:00,1,2,10,1,6.9,0.06,4.45,0
2017-01-27 09:40,1,4,9,0,4.44,0.42,3.54,0
2017-01-30 09:15,1,0,9,0,3.7,0.647,1.19,0
2017-02-01 09:45,2,2,9,1,5.23,0.877,2.86,0
2017-02-03 10:55,2,4,10,0,4.19,0.108,2.34,0
2017-02-06 14:50,2,0,14,0,7.74,0.787,1.11,0
2017-02-07 09:35,2,1,9,0,4.09,0.538,2.06,0
2017-02-08 10:10,2,2,10,0,9.08,0.923,3.72,1
2017-02-09 09:55,2,3,9,0,6.98,0.539,6.54,1
2017-02-10 10:45,2,4,10,0,6.12,0.517,3.58,0
2017-02-13 10:55,2,0,10,1,4.3,0.53,3.99,1
2017-02-14 09:30,2,1,9,0,7.42,0.537,3.08,1
2017-02-15 09:35,2,2,9,1,3.22,0.423,4.85,1
2017-02-16 10:35,2,3,10,0,5.45,0.117,2.27,0
2017-02-20 09:35,2,0,9,0,2.69,0.3,1.0,1
2017-02-21 09:45,2,1,9,1,6.53,0.177,4.02,1
2017-02-22 10:00,2,2,10,0,4.77,0.125,2.68,1
2017-02-23 10:25,2,3,10,0,7.58,0.016,2.96,0
2017-02-24 09:20,2,4,9,0,5.08,0.035,2.66,1
2017-02-27 09:55,2,0,9,0,3.25,0.99,2.07,0
2017-02-28 10:30,2,1,10,0,4.64,0.131,1.56,0
2017-03-01 09:30,3,2,9,1,6.89,0.319,2.69,1
2017-03-02 09:35,3,3,9,1,7.4,0.73,3.71,1
2017-03-03 10:50,3,4,10,0,3.76,0.479,3.94,1
2017-03-06 10:40,3,0,10,1,4.76,0.347,1.8,0
2017-03-07 09:50,3,1,9,1,3.83,0.457,2.22,0
2017-03-08 09:35,3,2,9,1,3.16,0.272,1.46,0
2017-03-10 09:25,3,4,9,0,4.17,0.444,4.72,0
2017-03-13 09:40,3,0,9,1,7.03,0.795,1.75,1
2017-03-14 10:50,3,1,10,0,5.31,0.209,3.0,1
2017-03-16 09:30,3,3,9,0,5.51,0.327,2.85,1
2017-03-17 10:15,3,4,10,0,5.73,0.271,1.4,1
2017-03-20 13:45,3,0,13,0,4.8,0.072,0.79,0
2017-03-21 10:30,3,1,10,0,5.43,0.958,2.2,0
2017-03-23 09:15,3,3,9,0,3.15,0.356,1.69,1
2017-03-27 09:45,3,0,9,0,2.3,0.8,1.85,1
2017-03-28 09:35,3,1,9,0,4.55,0.033,2.45,1
2017-03-29 10:00,3,2,10,0,4.5,0.741,2.35,1
2017-03-30 09:30,3,3,9,1,2.64,0.75,4.47,1
2017-03-31 10:30,3,4,10,0,2.1,0.754,1.65,0
2017-04-04 10:00,4,1,10,1,3.54,0.527,3.51,0
2017-04-05 10:00,4,2,10,1,5.54,0.429,2.85,1
2017-04-07 09:10,4,4,9,0,3.29,0.795,2.15,1
2017-04-10 10:00,4,0,10,1,5.48,0.466,2.22,1
2017-04-12 10:20,4,2,10,1,3.39,0.604,3.38,1
2017-04-13 10:35,4,3,10,1,4.67,0.229,2.09,1
2017-04-18 10:05,4,1,10,1,4.64,0.272,3.58,1
2017-04-19 10:30,4,2,10,1,4.42,0.513,6.25,1
2017-04-20 09:35,4,3,9,1,4.97,0.5,3.88,1
2017-04-21 13:40,4,4,13,0,7.08,0.889,2.29,1
2017-04-25 09:30,4,1,9,1,5.39,0.919,2.24,1
2017-04-26 09:50,4,2,9,1,3.55,0.762,1.79,1
2017-04-27 09:20,4,3,9,0,3.76,0.479,2.03,1
2017-04-28 09:30,4,4,9,1,3.28,0.488,2.37,1
2017-05-01 10:25,5,0,10,0,2.39,0.527,1.46,1
2017-05-04 09:30,5,3,9,1,3.82,0.614,2.57,1
2017-05-05 09:45,5,4,9,1,4.28,0.407,2.4,0
2017-05-08 09:55,5,0,9,1,7.39,0.506,1.38,0
2017-05-11 10:05,5,3,10,0,3.5,0.639,1.99,0
2017-05-12 09:20,5,4,9,0,3.1,0.5,1.74,1
2017-05-15 09:25,5,0,9,0,5.42,0.288,1.83,1
2017-05-17 10:15,5,2,10,0,7.01,0.488,2.18,0
2017-05-18 10:45,5,3,10,1,11.1,0.39,3.77,0
2017-05-19 09:35,5,4,9,0,6.42,0.532,2.58,1
2017-05-23 10:00,5,1,10,0,4.04,0.33,2.21,1
2017-05-24 10:35,5,2,10,0,4.04,0.164,1.97,1
2017-05-25 10:55,5,3,10,1,3.74,0.437,1.83,0
2017-05-29 10:05,5,0,10,1,1.39,0.208,1.57,1
2017-05-31 10:30,5,2,10,0,4.7,0.123,2.19,0
2017-06-01 09:35,6,3,9,1,3.05,0.254,2.32,1
2017-06-02 09:45,6,4,9,0,3.44,0.615,2.66,0
2017-06-06 10:05,6,1,10,0,5.85,0.313,1.85,1
2017-06-08 10:15,6,3,10,1,5.95,0.005,2.82,0
2017-06-09 10:05,6,4,10,1,3.82,0.822,3.72,0
2017-06-12 09:35,6,0,9,1,4.75,0.215,2.28,0
2017-06-13 09:30,6,1,9,1,4.15,0.622,2.73,1
2017-06-14 09:20,6,2,9,0,4.12,0.804,3.08,0
2017-06-19 10:10,6,0,10,1,2.99,0.086,1.28,0
2017-06-20 10:25,6,1,10,1,3.79,0.047,2.25,0
2017-06-21 09:30,6,2,9,1,3.55,0.702,2.34,1
2017-06-22 14:30,6,3,14,1,4.28,0.114,2.24,1
2017-06-23 14:00,6,4,14,1,5.09,0.255,1.02,1
2017-06-26 13:50,6,0,13,0,19.12,0.765,0.9,1
2017-06-28 10:45,6,2,10,1,4.99,0.676,1.67,0
2017-06-29 09:40,6,3,9,1,8.26,0.711,2.82,1
2017-06-30 09:50,6,4,9,1,3.01,0.479,1.84,1
2017-07-03 09:35,7,0,9,1,4.38,0.374,2.8,0
2017-07-04 10:05,7,1,10,1,2.11,0.175,1.39,1
2017-07-05 14:00,7,2,14,0,8.8,0.745,2.88,1
2017-07-06 10:05,7,3,10,0,2.86,0.765,2.34,1
2017-07-07 09:25,7,4,9,1,3.12,0.479,3.2,0
2017-07-11 09:45,7,1,9,0,2.44,1.0,1.36,1
2017-07-12 09:25,7,2,9,0,3.32,0.349,2.15,0
2017-07-14 09:30,7,4,9,0,5.63,0.667,1.68,0
2017-07-17 10:00,7,0,10,0,5.91,0.431,1.8,1
2017-07-18 09:35,7,1,9,0,3.47,0.667,1.55,0
2017-07-19 09:45,7,2,9,0,6.71,0.316,1.22,1
2017-07-20 09:15,7,3,9,0,4.43,0.514,1.52,0
2017-07-21 09:40,7,4,9,0,2.66,0.836,2.3,0
2017-07-24 14:00,7,0,14,1,5.81,0.63,1.03,1
2017-07-26 10:55,7,2,10,0,3.96,0.796,1.67,0
2017-09-01 09:40,9,4,9,0,3.3,0.395,4.53,1
2017-09-04 10:15,9,0,10,1,6.76,0.416,1.48,0
2017-09-06 13:30,9,2,13,1,5.51,0.703,3.39,0
2017-09-08 10:15,9,4,10,1,4.98,0.157,3.79,0
2017-09-11 09:25,9,0,9,1,4.7,0.84,2.27,0
2017-09-12 10:50,9,1,10,0,5.85,0.347,1.47,0
2017-09-14 14:35,9,3,14,0,7.38,0.236,3.2,0
2017-09-18 09:20,9,0,9,1,4.17,0.818,1.29,0
2017-09-19 10:00,9,1,10,0,2.96,0.641,2.02,1
2017-09-20 09:30,9,2,9,1,4.36,0.71,1.3,0
2017-09-21 09:40,9,3,9,1,6.93,0.193,2.59,0
2017-09-22 09:35,9,4,9,1,3.33,0.441,1.45,1
2017-09-26 09:45,9,1,9,1,9.07,0.402,2.04,0
2017-09-27 09:40,9,2,9,1,8.06,0.075,1.67,0
2017-09-28 14:45,9,3,14,0,7.12,0.536,1.43,1
2017-09-29 10:15,9,4,10,1,3.89,0.183,3.41,0
2017-10-02 09:50,10,0,9,0,3.67,0.905,1.86,1
2017-10-04 09:50,10,2,9,1,7.18,0.45,1.38,0
2017-10-05 10:05,10,3,10,1,4.63,0.82,2.4,0
2017-10-06 10:10,10,4,10,1,2.71,0.897,2.01,1
2017-10-09 10:35,10,0,10,1,4.49,0.201,1.43,1
2017-10-11 14:00,10,2,14,1,3.89,0.774,3.12,1
2017-10-13 10:05,10,4,10,0,6.02,0.324,3.28,0
2017-10-16 10:25,10,0,10,1,2.8,0.46,2.05,0
2017-10-17 09:15,10,1,9,1,3.28,0.7,1.14,0
2017-10-19 10:00,10,3,10,0,7.64,0.648,1.75,0
2017-10-23 09:35,10,0,9,1,2.6,0.468,1.91,1
2017-10-24 09:40,10,1,9,1,5.18,0.564,2.02,0
2017-10-25 10:00,10,2,10,0,2.82,0.281,4.55,0
2017-10-26 14:25,10,3,14,1,7.71,0.045,1.9,0
2017-10-27 10:55,10,4,10,0,4.2,0.254,3.7,0
2017-10-30 10:25,10,0,10,0,3.53,0.15,2.94,0
2017-10-31 10:35,10,1,10,1,5.34,0.605,2.43,1
2017-11-01 10:00,11,2,10,1,6.63,0.143,3.67,1
2017-11-02 10:30,11,3,10,0,6.02,0.212,2.58,1
2017-11-03 09:45,11,4,9,0,2.47,0.716,1.86,1
2017-11-07 09:45,11,1,9,0,4.26,0.922,2.64,1
2017-11-08 10:55,11,2,10,0,4.81,0.086,2.39,0
2017-11-09 09:40,11,3,9,1,5.24,0.327,2.71,0
2017-11-10 09:50,11,4,9,0,2.96,0.633,1.84,1
2017-11-15 09:45,11,2,9,0,3.67,0.657,4.77,1
2017-11-16 10:15,11,3,10,0,3.27,0.637,2.61,0
2017-11-17 09:45,11,4,9,0,2.92,0.012,2.35,0
2017-11-20 09:50,11,0,9,1,2.81,0.941,1.51,0
2017-11-21 09:25,11,1,9,1,4.43,0.226,4.95,1
2017-11-22 09:30,11,2,9,0,3.88,0.932,1.67,0
2017-11-27 09:35,11,0,9,0,5.06,0.386,1.64,1
2017-11-28 09:30,11,1,9,0,3.33,0.709,1.44,1
2017-11-29 10:20,11,2,10,1,4.38,0.31,4.75,0
2017-11-30 10:00,11,3,10,1,3.54,0.0,2.02,1
2017-12-01 10:35,12,4,10,1,3.73,0.116,3.04,1
2017-12-06 09:45,12,2,9,1,3.85,0.796,3.3,1
2017-12-07 09:30,12,3,9,1,5.2,0.173,2.66,0
2017-12-08 10:10,12,4,10,0,4.12,0.333,3.35,1
2017-12-11 09:40,12,0,9,1,2.71,0.837,2.06,0
2017-12-13 09:15,12,2,9,0,2.32,0.908,1.6,0
2017-12-14 10:35,12,3,10,1,4.88,0.297,1.97,1
2017-12-15 09:25,12,4,9,0,2.54,0.792,1.98,1
2017-12-19 09:45,12,1,9,1,2.64,0.274,2.28,0
2017-12-20 10:00,12,2,10,1,3.07,0.585,2.31,1
2017-12-21 10:05,12,3,10,0,2.39,0.738,2.01,0
2017-12-22 10:00,12,4,10,0,1.79,0.946,2.06,0
2017-12-26 09:25,12,1,9,0,1.9,0.167,1.52,0
2017-12-28 09:50,12,3,9,0,2.13,0.368,1.93,0
2017-12-29 09:50,12,4,9,0,2.48,0.873,2.6,0
2016-01-04 10:35,1,0,10,0,4.36,0.235,5.62,0
2016-01-05 09:15,1,1,9,1,5.58,0.307,2.47,1
2016-01-06 09:55,1,2,9,0,8.02,0.14,3.11,0
2016-01-07 10:20,1,3,10,0,9.61,0.165,2.63,1
2016-01-08 09:30,1,4,9,0,5.74,0.406,3.5,0
2016-01-11 10:45,1,0,10,1,7.15,0.067,2.43,0
2016-01-12 10:10,1,1,10,1,13.59,0.472,3.24,1
2016-01-13 10:20,1,2,10,0,3.68,0.423,3.13,0
2016-01-14 09:30,1,3,9,1,8.12,0.992,3.45,1
2016-01-15 09:35,1,4,9,0,6.65,0.911,5.11,1
2016-01-19 14:00,1,1,14,0,11.92,0.485,1.3,0
2016-01-20 10:05,1,2,10,0,9.87,0.587,2.75,0
2016-01-21 09:45,1,3,9,1,6.58,0.51,2.59,0
2016-01-22 09:25,1,4,9,1,4.74,0.365,3.18,1
2016-01-25 09:20,1,0,9,0,4.12,0.183,2.17,0
2016-01-26 09:40,1,1,9,1,5.35,0.506,2.48,1
2016-01-28 09:35,1,3,9,1,4.66,0.22,3.68,0
2016-01-29 10:25,1,4,10,1,5.1,0.384,4.06,1
2016-02-02 10:35,2,1,10,0,3.02,0.067,3.07,1
2016-02-04 09:30,2,3,9,0,7.27,0.957,2.93,0
2016-02-05 09:50,2,4,9,1,7.56,0.948,4.51,1
2016-02-10 09:55,2,2,9,0,8.73,0.521,3.28,1
2016-02-12 09:35,2,4,9,1,7.78,0.14,4.56,0
2016-02-15 10:55,2,0,10,1,6.98,0.077,3.51,0
2016-02-17 10:25,2,2,10,0,10.59,0.93,3.56,0
2016-02-22 10:35,2,0,10,0,9.67,0.891,4.32,0
2016-02-24 10:35,2,2,10,0,15.05,0.843,7.55,1
2016-02-25 09:25,2,3,9,1,9.3,0.199,4.69,1
2016-02-29 10:20,2,0,10,0,7.05,0.343,3.34,0
2016-03-01 10:40,3,1,10,1,10.31,0.43,3.82,0
2016-03-04 10:40,3,4,10,0,15.1,0.247,7.12,1
2016-03-07 13:20,3,0,13,1,10.27,0.865,2.54,1
2016-03-08 10:40,3,1,10,1,6.28,0.255,5.26,0
2016-03-09 10:10,3,2,10,1,11.04,0.132,5.15,1
2016-03-10 10:25,3,3,10,0,14.45,0.939,4.75,0
2016-03-14 10:10,3,0,10,1,8.45,0.181,3.94,0
2016-03-16 09:50,3,2,9,1,5.71,0.907,3.46,1
2016-03-18 14:20,3,4,14,0,14.25,0.362,3.5,1
2016-03-22 13:15,3,1,13,1,11.41,0.655,1.44,0
2016-03-23 10:10,3,2,10,1,6.54,0.897,3.56,0
2016-03-24 09:35,3,3,9,0,7.37,0.713,1.86,1
2016-03-28 09:50,3,0,9,0,4.39,0.095,3.21,1
2016-03-29 09:40,3,1,9,0,6.1,0.238,5.26,0
2016-03-30 09:40,3,2,9,1,11.51,0.067,2.04,1
2016-03-31 13:15,3,3,13,1,9.96,0.868,1.44,0
2016-04-01 10:25,4,4,10,1,6.94,0.436,5.37,1
2016-04-04 13:25,4,0,13,1,5.19,0.458,1.94,0
2016-04-05 13:55,4,1,13,1,10.29,0.504,4.24,1
2016-04-06 14:00,4,2,14,1,9.22,0.867,6.74,1
2016-04-07 10:00,4,3,10,0,13.77,0.0,2.76,1
2016-04-08 10:35,4,4,10,0,8.62,0.193,2.72,0
2016-04-12 10:30,4,1,10,1,6.72,0.532,4.55,0
2016-04-15 10:00,4,4,10,1,3.69,0.505,4.1,1
2016-04-18 09:30,4,0,9,0,8.97,0.404,2.75,1
2016-04-19 09:35,4,1,9,0,5.19,0.335,2.43,0
2016-04-20 10:00,4,2,10,0,4.33,0.736,2.91,0
2016-04-22 10:25,4,4,10,1,6.41,0.257,4.88,0
2016-04-25 10:30,4,0,10,0,5.29,0.408,2.52,1
2016-04-26 09:40,4,1,9,0,4.39,0.209,2.64,0
2016-04-27 09:20,4,2,9,0,3.38,0.991,2.22,1
2016-04-28 09:50,4,3,9,1,4.93,0.253,2.5,1
2016-05-02 10:35,5,0,10,1,11.01,0.194,3.95,0
2016-05-04 10:00,5,2,10,0,9.35,0.888,7.98,1
2016-05-05 09:15,5,3,9,0,9.57,0.761,2.94,1
2016-05-06 09:15,5,4,9,0,4.84,0.943,3.52,0
2016-05-09 10:35,5,0,10,1,8.95,0.335,3.82,0
2016-05-10 10:40,5,1,10,1,5.22,0.437,3.49,1
2016-05-12 10:15,5,3,10,0,6.79,0.42,4.71,1
2016-05-13 10:35,5,4,10,1,3.32,0.144,5.84,1
2016-05-16 10:20,5,0,10,0,3.99,0.863,5.27,1
2016-05-19 09:45,5,3,9,1,5.37,0.371,3.22,1
2016-05-20 09:40,5,4,9,0,4.47,0.553,3.13,1
2016-05-23 10:20,5,0,10,1,5.05,0.484,4.54,1
2016-05-24 10:40,5,1,10,1,4.24,0.172,3.51,0
2016-05-25 10:00,5,2,10,1,5.26,0.339,3.71,1
2016-05-26 09:30,5,3,9,0,4.45,0.302,2.72,1
2016-05-27 09:20,5,4,9,1,5.91,0.452,2.2,0
2016-05-31 10:55,5,1,10,0,3.22,0.853,3.86,0
2016-06-01 09:55,6,2,9,1,4.59,0.147,2.27,0
2016-06-02 09:45,6,3,9,1,3.19,0.315,2.59,0
2016-06-03 10:30,6,4,10,0,2.23,0.433,3.45,0
2016-06-06 09:35,6,0,9,0,3.28,0.681,2.56,0
2016-06-07 14:45,6,1,14,0,7.67,0.641,1.69,0
2016-06-08 10:10,6,2,10,0,6.04,0.186,4.32,0
2016-06-09 10:00,6,3,10,0,5.16,0.077,1.58,0
2016-06-10 10:15,6,4,10,0,5.46,0.321,2.92,0
2016-06-13 10:25,6,0,10,1,6.91,0.606,4.65,0
2016-06-14 09:30,6,1,9,0,8.2,0.201,4.1,1
2016-06-15 14:55,6,2,14,0,7.98,0.63,5.53,0
2016-06-17 09:35,6,4,9,0,9.88,0.5,2.3,0
2016-06-20 13:45,6,0,13,0,10.65,0.138,2.65,0
2016-06-21 10:55,6,1,10,1,14.65,0.152,4.17,0
2016-06-22 13:25,6,2,13,0,5.48,0.195,2.39,1
2016-06-24 09:30,6,4,9,0,20.89,0.106,10.95,1
2016-07-01 10:15,7,4,10,0,7.02,0.366,5.56,0
2016-07-04 10:25,7,0,10,0,7.13,0.937,3.32,1
2016-07-05 09:55,7,1,9,0,7.07,0.289,3.4,1
2016-07-06 10:15,7,2,10,1,10.88,0.219,6.01,1
2016-07-07 09:20,7,3,9,1,8.13,0.874,3.06,0
2016-07-11 09:20,7,0,9,1,7.32,0.788,3.98,1
2016-07-12 10:20,7,1,10,1,12.4,0.383,3.98,0
2016-07-13 10:00,7,2,10,0,7.72,0.88,3.07,1
2016-07-14 09:50,7,3,9,1,11.71,0.846,4.54,1
2016-07-15 09:50,7,4,9,1,5.07,0.761,4.15,1
2016-07-18 10:10,7,0,10,0,6.1,0.548,3.15,0
2016-07-20 10:20,7,2,10,1,10.81,0.857,3.72,1
2016-07-21 10:00,7,3,10,1,6.82,0.607,5.41,1
2016-07-22 10:10,7,4,10,1,5.13,0.227,3.74,0
2016-07-25 10:20,7,0,10,1,4.78,0.455,2.45,1
2016-07-29 09:20,7,4,9,0,5.44,0.203,2.81,0
2016-09-01 09:25,9,3,9,0,3.52,0.272,2.5,0
2016-09-02 10:05,9,4,10,0,5.12,1.0,3.42,0
2016-09-05 09:55,9,0,9,1,3.32,0.658,1.28,1
2016-09-08 09:20,9,3,9,1,3.34,0.263,2.76,0
2016-09-12 09:50,9,0,9,1,6.49,0.211,2.37,0
2016-09-13 09:20,9,1,9,1,6.56,0.486,1.7,0
2016-09-14 09:35,9,2,9,1,3.85,0.452,2.98,1
2016-09-15 10:10,9,3,10,1,4.25,0.46,3.0,0
2016-09-16 09:55,9,4,9,1,4.96,0.81,3.14,1
2016-09-20 10:00,9,1,10,1,3.93,0.618,2.08,1
2016-09-21 10:50,9,2,10,0,6.66,0.744,1.86,0
2016-09-22 10:40,9,3,10,0,2.82,0.989,2.8,0
2016-09-23 10:15,9,4,10,0,4.53,0.284,1.95,1
2016-09-26 10:00,9,0,10,0,4.51,0.863,2.12,1
2016-09-27 10:50,9,1,10,1,3.96,0.438,1.7,0
2016-09-29 09:15,9,3,9,1,3.36,0.664,2.69,1
2016-09-30 09:20,9,4,9,0,4.74,0.39,1.32,1
2016-10-03 09:30,10,0,9,1,3.32,1.0,1.96,0
2016-10-05 09:50,10,2,9,1,4.14,0.271,4.85,0
2016-10-07 09:35,10,4,9,0,5.7,0.47,3.11,1
2016-10-12 10:40,10,2,10,0,4.49,0.368,5.65,0
2016-10-13 09:50,10,3,9,1,3.49,0.223,3.82,1
2016-10-14 09:35,10,4,9,1,4.94,0.25,2.46,1
2016-10-17 10:00,10,0,10,0,4.54,0.729,2.92,0
2016-10-18 09:10,10,1,9,1,3.9,0.757,1.84,0
2016-10-19 09:50,10,2,9,0,9.97,0.351,2.63,1
2016-10-20 10:00,10,3,10,0,3.83,0.509,5.1,1
2016-10-21 09:40,10,4,9,0,5.95,0.765,1.21,1
2016-10-24 09:45,10,0,9,0,4.59,0.4,1.71,1
2016-10-26 10:45,10,2,10,1,6.08,0.299,2.86,0
2016-10-27 09:25,10,3,9,0,3.01,0.532,1.47,1
2016-10-31 13:40,10,0,13,1,4.38,0.341,2.65,1
2016-11-03 13:35,11,3,13,0,17.04,0.38,1.67,0
2016-11-04 10:05,11,4,10,0,7.72,0.638,3.05,1
2016-11-07 10:40,11,0,10,1,5.21,0.628,1.39,0
2016-11-08 10:45,11,1,10,0,6.75,0.155,7.24,1
2016-11-09 10:15,11,2,10,1,20.43,0.357,7.8,0
2016-11-10 09:20,11,3,9,1,15.23,0.671,4.12,0
2016-11-15 09:35,11,1,9,1,8.98,0.478,4.83,1
2016-11-16 09:55,11,2,9,0,7.31,0.348,2.88,1
2016-11-17 09:20,11,3,9,1,5.18,0.728,2.43,0
2016-11-18 10:05,11,4,10,0,9.67,0.113,4.83,1
2016-11-21 09:30,11,0,9,1,4.25,0.887,2.1,0
2016-11-23 09:25,11,2,9,1,6.31,0.241,5.03,0
2016-11-25 10:40,11,4,10,1,9.0,0.217,1.98,0
2016-11-28 10:15,11,0,10,1,10.27,0.56,5.09,1
2016-11-29 09:10,11,1,9,1,9.44,0.478,1.72,1
2016-11-30 10:35,11,2,10,1,8.15,0.306,4.24,0
2016-12-01 10:40,12,3,10,1,7.04,0.32,4.48,1
2016-12-02 10:55,12,4,10,0,7.29,0.72,3.97,0
2016-12-05 10:30,12,0,10,1,10.82,0.177,4.15,1
2016-12-06 13:15,12,1,13,1,5.15,0.671,1.55,1
2016-12-07 10:30,12,2,10,0,6.5,0.664,3.69,1
2016-12-12 09:40,12,0,9,0,6.22,0.871,3.06,0
2016-12-13 09:45,12,1,9,0,4.6,0.427,3.06,1
2016-12-14 09:45,12,2,9,0,2.42,0.093,2.16,1
2016-12-15 10:20,12,3,10,1,11.64,0.085,2.69,0
2016-12-19 10:05,12,0,10,1,3.85,0.847,2.91,1
2016-12-20 09:50,12,1,9,1,7.01,0.174,2.06,0
2016-12-21 09:35,12,2,9,0,3.58,0.947,1.89,1
2016-12-22 09:10,12,3,9,1,2.94,0.914,1.73,1
2016-12-27 10:35,12,1,10,1,3.3,0.086,1.98,0
2016-12-29 10:05,12,3,10,1,4.39,0.716,1.97,1
2015-01-02 10:05,1,4,10,1,14.46,0.5,3.64,1
2015-01-07 10:30,1,2,10,1,7.22,0.414,2.98,1
2015-01-08 09:30,1,3,9,0,6.47,0.811,3.2,0
2015-01-09 10:45,1,4,10,0,4.69,0.636,3.38,0
2015-01-12 14:50,1,0,14,0,10.59,0.266,1.84,0
2015-01-13 09:50,1,1,9,1,7.88,0.072,3.88,0
2015-01-14 09:20,1,2,9,0,8.55,0.599,5.79,1
2015-01-16 10:50,1,4,10,0,7.96,0.289,5.96,0
2015-01-19 10:20,1,0,10,1,4.41,0.548,2.0,0
2015-01-21 09:35,1,2,9,0,7.15,0.698,6.48,1
2015-01-22 09:45,1,3,9,0,12.8,0.228,10.32,0
2015-01-23 10:55,1,4,10,1,6.92,0.032,6.63,1
2015-01-28 09:30,1,2,9,1,6.18,0.931,2.97,0
2015-01-30 10:10,1,4,10,1,5.4,0.168,4.08,1
2015-02-02 09:30,2,0,9,1,9.04,0.374,3.15,1
2015-02-03 09:15,2,1,9,1,18.11,0.598,4.85,0
2015-02-04 10:20,2,2,10,0,8.52,0.407,4.55,1
2015-02-05 10:05,2,3,10,1,10.02,0.545,3.61,0
2015-02-06 09:30,2,4,9,1,5.52,0.573,6.16,0
2015-02-09 10:05,2,0,10,1,6.01,0.454,2.84,1
2015-02-10 10:30,2,1,10,1,10.44,0.168,4.77,0
2015-02-12 10:55,2,3,10,1,11.41,0.327,2.88,0
2015-02-13 10:50,2,4,10,0,6.09,0.285,3.06,0
2015-02-16 09:40,2,0,9,1,3.83,0.514,2.73,1
2015-02-17 10:35,2,1,10,1,5.8,0.134,3.37,0
2015-02-18 10:00,2,2,10,0,8.22,0.639,4.53,1
2015-02-19 10:10,2,3,10,1,9.25,0.783,3.4,0
2015-02-20 14:20,2,4,14,1,13.38,0.485,2.46,0
2015-02-23 10:45,2,0,10,0,11.55,0.094,6.17,1
2015-02-25 09:25,2,2,9,1,3.64,0.364,1.9,0
2015-02-26 10:25,2,3,10,1,8.22,0.408,2.74,0
2015-02-27 09:30,2,4,9,0,6.3,0.024,3.56,0
2015-03-03 10:15,3,1,10,0,4.5,0.474,3.5,1
2015-03-06 09:45,3,4,9,1,5.39,0.673,3.78,0
2015-03-09 10:00,3,0,10,1,3.31,0.46,3.04,0
2015-03-10 10:00,3,1,10,0,11.02,0.386,5.94,1
2015-03-11 10:40,3,2,10,1,7.96,0.321,2.85,0
2015-03-17 09:40,3,1,9,1,4.28,0.105,3.88,1
2015-03-19 10:15,3,3,10,1,10.15,0.554,4.83,1
2015-03-23 10:55,3,0,10,0,5.88,0.324,3.66,0
2015-03-24 10:05,3,1,10,1,7.9,0.092,3.67,1
2015-03-25 09:35,3,2,9,0,7.87,0.508,2.86,0
2015-03-26 14:15,3,3,14,1,17.14,0.278,1.7,0
2015-03-27 10:05,3,4,10,1,9.59,0.285,5.4,0
2015-03-31 10:50,3,1,10,0,8.41,0.773,2.62,1
2015-04-01 10:45,4,2,10,0,5.55,0.973,3.91,0
2015-04-02 09:30,4,3,9,1,5.98,0.414,2.99,0
2015-04-09 09:55,4,3,9,1,7.99,0.914,2.12,0
2015-04-10 09:55,4,4,9,0,11.53,0.45,3.11,1
2015-04-13 09:55,4,0,9,0,8.02,0.873,6.75,1
2015-04-14 09:35,4,1,9,0,8.76,0.626,3.82,0
2015-04-15 09:40,4,2,9,0,5.5,0.573,3.14,0
2015-04-16 09:50,4,3,9,1,5.18,0.78,2.17,0
2015-04-20 09:45,4,0,9,1,11.65,0.53,3.1,0
2015-04-21 14:20,4,1,14,0,9.16,0.442,1.6,0
2015-04-24 09:35,4,4,9,1,9.22,0.392,2.43,0
2015-04-30 10:40,4,3,10,1,7.22,0.821,5.24,0
2015-05-04 09:25,5,0,9,0,3.96,0.196,2.04,0
2015-05-05 09:30,5,1,9,0,6.75,0.31,3.12,0
2015-05-06 10:05,5,2,10,0,7.77,0.066,3.7,1
2015-05-07 10:20,5,3,10,0,6.97,0.295,5.18,0
2015-05-08 09:35,5,4,9,0,4.72,0.494,4.39,1
2015-05-11 09:55,5,0,9,0,4.59,0.176,2.74,1
2015-05-14 10:45,5,3,10,0,6.61,0.043,2.61,1
2015-05-18 10:00,5,0,10,1,6.16,0.441,2.72,0
2015-05-19 09:30,5,1,9,1,6.81,0.343,2.91,0
2015-05-20 10:30,5,2,10,0,5.82,0.191,2.44,1
2015-05-21 09:30,5,3,9,1,6.17,0.075,4.0,1
2015-05-22 09:20,5,4,9,1,6.38,0.573,2.0,0
2015-05-25 10:00,5,0,10,0,2.69,0.07,1.79,0
2015-05-26 09:30,5,1,9,1,4.77,0.107,3.86,0
2015-05-29 09:30,5,4,9,0,3.08,0.329,3.22,0
2015-06-01 10:05,6,0,10,0,4.53,0.129,4.45,1
2015-06-02 09:25,6,1,9,0,7.22,0.715,3.78,1
2015-06-03 13:55,6,2,13,1,6.0,0.956,2.35,0
2015-06-04 10:20,6,3,10,1,5.31,0.915,2.73,0
2015-06-05 10:05,6,4,10,1,4.95,0.658,6.45,1
2015-06-10 09:50,6,2,9,0,8.32,0.436,2.48,1
2015-06-11 09:50,6,3,9,1,6.45,0.133,1.74,0
2015-06-12 09:25,6,4,9,1,5.69,0.984,1.91,1
2015-06-16 10:00,6,1,10,1,6.01,0.385,2.75,0
2015-06-19 10:45,6,4,10,0,5.11,0.244,1.57,1
2015-06-22 09:40,6,0,9,1,5.53,0.737,1.64,0
2015-06-23 09:25,6,1,9,1,7.3,0.872,1.88,0
2015-06-24 09:30,6,2,9,1,6.27,0.956,2.29,0
2015-06-25 09:35,6,3,9,1,5.54,0.672,2.49,1
2015-06-26 10:00,6,4,10,1,8.41,0.225,2.85,1
2015-06-29 10:00,6,0,10,1,5.52,0.436,3.48,0
2015-06-30 10:00,6,1,10,1,7.82,0.547,2.45,0
2015-07-01 10:05,7,2,10,1,3.76,0.679,1.98,1
2015-07-02 09:15,7,3,9,0,7.35,0.608,2.35,0
2015-07-03 10:50,7,4,10,1,3.06,0.588,1.88,1
2015-07-07 09:25,7,1,9,1,4.29,0.491,4.43,0
2015-07-08 09:50,7,2,9,0,10.67,0.335,4.41,0
2015-07-09 09:55,7,3,9,0,3.34,0.143,3.37,1
2015-07-10 09:40,7,4,9,1,2.7,0.567,1.63,0
2015-07-13 09:55,7,0,9,1,7.63,0.613,3.38,1
2015-07-14 09:45,7,1,9,0,2.41,0.626,2.43,1
2015-07-15 09:55,7,2,9,1,2.17,0.458,3.19,0
2015-07-17 10:55,7,4,10,1,2.73,0.505,1.81,0
2015-07-20 09:20,7,0,9,1,7.73,0.422,2.63,0
2015-07-21 09:55,7,1,9,1,5.47,0.188,1.59,1
2015-07-22 10:25,7,2,10,1,9.19,0.371,2.69,1
2015-07-23 09:30,7,3,9,1,9.89,0.71,1.91,0
2015-07-24 14:40,7,4,14,0,8.23,0.166,5.5,0
2015-07-28 10:00,7,1,10,0,5.65,0.355,3.01,0
2015-07-29 10:10,7,2,10,1,3.6,0.459,2.56,1
2015-07-30 10:00,7,3,10,1,3.41,0.398,7.1,1
2015-07-31 10:10,7,4,10,0,3.73,0.273,8.15,1
2015-09-01 09:20,9,1,9,0,5.33,0.758,3.79,1
2015-09-02 10:50,9,2,10,1,5.39,0.4,2.86,0
2015-09-03 09:20,9,3,9,1,8.4,0.652,2.88,1
2015-09-04 09:35,9,4,9,1,3.67,0.978,4.31,0
2015-09-07 09:35,9,0,9,1,4.16,0.712,1.02,0
2015-09-10 09:25,9,3,9,0,2.64,0.956,2.77,1
2015-09-11 10:00,9,4,10,1,6.11,0.72,2.31,1
2015-09-17 14:25,9,3,14,0,5.53,0.987,5.93,0
2015-09-18 10:25,9,4,10,0,11.33,0.99,4.74,1
2015-09-22 09:50,9,1,9,1,9.86,0.25,2.75,1
2015-09-23 09:50,9,2,9,0,7.05,0.427,2.76,0
2015-09-24 10:10,9,3,10,0,3.14,0.493,2.48,0
2015-09-25 09:40,9,4,9,0,5.78,0.234,2.07,0
2015-09-29 10:00,9,1,10,0,5.9,0.228,2.81,1
2015-09-30 09:55,9,2,9,1,7.04,0.23,2.7,0
2015-10-01 10:15,10,3,10,0,4.33,0.344,3.36,1
2015-10-02 10:40,10,4,10,0,5.43,0.341,3.31,0
2015-10-05 10:15,10,0,10,0,7.44,0.294,3.24,0
2015-10-07 09:35,10,2,9,1,5.43,0.274,3.92,0
2015-10-08 09:30,10,3,9,1,2.41,0.444,2.44,1
2015-10-12 09:20,10,0,9,1,5.04,0.209,3.0,0
2015-10-13 09:20,10,1,9,0,6.44,0.056,2.34,0
2015-10-14 09:55,10,2,9,0,11.86,0.462,5.68,0
2015-10-15 09:20,10,3,9,1,4.2,0.637,3.04,0
2015-10-16 09:45,10,4,9,0,6.41,0.247,1.8,1
2015-10-19 10:20,10,0,10,0,2.97,0.766,3.37,1
2015-10-21 10:35,10,2,10,1,3.94,0.922,2.18,0
2015-10-22 09:35,10,3,9,1,3.49,0.728,4.14,1
2015-10-23 10:30,10,4,10,1,8.9,0.393,5.46,1
2015-10-26 10:55,10,0,10,0,5.87,0.202,2.9,1
2015-10-27 09:10,10,1,9,1,3.25,0.048,1.82,1
2015-10-28 10:10,10,2,10,0,3.66,0.025,2.62,0
2015-10-29 10:00,10,3,10,1,5.52,0.39,4.05,0
2015-10-30 09:25,10,4,9,1,3.53,0.292,1.39,0
2015-11-02 10:35,11,0,10,1,4.83,0.726,1.92,0
2015-11-04 09:55,11,2,9,0,4.37,0.43,4.86,1
2015-11-05 10:30,11,3,10,1,5.36,0.569,3.41,0
2015-11-06 09:35,11,4,9,1,2.37,0.337,3.62,0
2015-11-09 10:15,11,0,10,1,4.34,1.0,1.25,0
2015-11-10 10:00,11,1,10,1,4.76,0.582,2.26,1
2015-11-11 10:20,11,2,10,1,4.22,0.256,1.81,0
2015-11-12 09:30,11,3,9,1,4.91,0.46,5.07,1
2015-11-17 10:35,11,1,10,1,3.88,0.849,1.87,0
2015-11-23 10:10,11,0,10,0,5.29,0.584,4.86,0
2015-11-25 10:25,11,2,10,1,7.84,0.618,2.23,1
2015-11-27 09:30,11,4,9,1,7.74,0.512,7.12,1
2015-11-30 10:50,11,0,10,0,3.15,0.899,1.91,0
2015-12-01 09:15,12,1,9,1,5.65,0.52,3.0,0
2015-12-02 09:10,12,2,9,1,3.59,0.579,1.82,0
2015-12-03 14:10,12,3,14,0,14.21,0.218,2.98,0
2015-12-04 10:30,12,4,10,0,5.68,0.793,3.51,1
2015-12-07 10:30,12,0,10,1,3.74,0.795,2.54,0
2015-12-08 09:30,12,1,9,0,7.29,0.02,2.6,0
2015-12-09 09:30,12,2,9,0,8.29,0.911,4.68,1
2015-12-10 09:45,12,3,9,1,4.4,0.897,3.41,0
2015-12-14 09:50,12,0,9,0,5.51,0.636,2.35,1
2015-12-16 10:15,12,2,10,0,3.57,0.679,2.75,0
2015-12-17 10:20,12,3,10,1,4.99,0.156,6.29,1
2015-12-18 10:30,12,4,10,0,5.39,0.316,3.97,0
2015-12-22 09:25,12,1,9,1,2.97,0.545,3.0,0
2015-12-23 10:15,12,2,10,1,4.89,0.211,2.77,1
2015-12-24 09:55,12,3,9,0,2.97,0.324,1.91,0
2015-12-30 10:35,12,2,10,1,6.18,0.716,1.39,0
